structural_family_id,member_count,malicious_count,benign_count,source_count
FAMILY_0001,1,1,0,1
FAMILY_0002,1,1,0,1
FAMILY_0003,1,1,0,1
FAMILY_0004,1,1,0,1
FAMILY_0005,1,1,0,2
FAMILY_0006,1,1,0,1
FAMILY_0007,1,1,0,1
FAMILY_0008,1,1,0,1
FAMILY_0009,1,1,0,1
FAMILY_0010,3,3,0,2
FAMILY_0011,1,1,0,1
FAMILY_0012,1,1,0,1
FAMILY_0013,1,1,0,1
FAMILY_0014,1,1,0,1
FAMILY_0015,1,1,0,1
FAMILY_0016,1,1,0,1
FAMILY_0017,1,1,0,1
FAMILY_0018,1,1,0,2
FAMILY_0019,1,1,0,1
FAMILY_0020,1,1,0,1
FAMILY_0021,1,1,0,1
FAMILY_0022,1,1,0,1
FAMILY_0023,1,1,0,1
FAMILY_0024,1,1,0,1
FAMILY_0025,1,1,0,1
FAMILY_0026,1,1,0,1
FAMILY_0027,1,1,0,1
FAMILY_0028,1,1,0,1
FAMILY_0029,1,1,0,1
FAMILY_0030,1,1,0,1
FAMILY_0031,1,1,0,1
FAMILY_0032,1,1,0,1
FAMILY_0033,1,1,0,1
FAMILY_0034,1,1,0,1
FAMILY_0035,1,1,0,1
FAMILY_0036,1,1,0,1
FAMILY_0037,1,1,0,1
FAMILY_0038,1,1,0,1
FAMILY_0039,1,1,0,1
FAMILY_0040,1,1,0,1
FAMILY_0041,1,1,0,1
FAMILY_0042,1,1,0,1
FAMILY_0043,1,1,0,1
FAMILY_0044,1,1,0,1
FAMILY_0045,1,1,0,1
FAMILY_0046,1,1,0,1
FAMILY_0047,1,1,0,1
FAMILY_0048,1,1,0,1
FAMILY_0049,1,1,0,1
FAMILY_0050,1,1,0,1
FAMILY_0051,1,1,0,1
FAMILY_0052,1,1,0,1
FAMILY_0053,1,1,0,1
FAMILY_0054,1,1,0,1
FAMILY_0055,1,1,0,1
FAMILY_0056,1,1,0,1
FAMILY_0057,1,1,0,1
FAMILY_0058,1,1,0,1
FAMILY_0059,1,1,0,1
FAMILY_0060,1,1,0,1
FAMILY_0061,1,1,0,1
FAMILY_0062,1,1,0,1
FAMILY_0063,1,1,0,1
FAMILY_0064,1,1,0,1
FAMILY_0065,1,1,0,1
FAMILY_0066,1,1,0,1
FAMILY_0067,1,1,0,1
FAMILY_0068,1,1,0,1
FAMILY_0069,1,1,0,1
FAMILY_0070,1,1,0,1
FAMILY_0071,1,1,0,1
FAMILY_0072,1,1,0,1
FAMILY_0073,1,1,0,1
FAMILY_0074,1,1,0,1
FAMILY_0075,1,1,0,1
FAMILY_0076,1,1,0,1
FAMILY_0077,1,1,0,1
FAMILY_0078,1,1,0,1
FAMILY_0079,1,1,0,1
FAMILY_0080,1,1,0,1
FAMILY_0081,1,1,0,1
FAMILY_0082,1,1,0,1
FAMILY_0083,1,1,0,1
FAMILY_0084,1,1,0,1
FAMILY_0085,1,1,0,1
FAMILY_0086,1,1,0,1
FAMILY_0087,1,1,0,1
FAMILY_0088,1,1,0,1
FAMILY_0089,1,1,0,1
FAMILY_0090,1,1,0,1
FAMILY_0091,1,1,0,1
FAMILY_0092,1,1,0,1
FAMILY_0093,1,1,0,1
FAMILY_0094,1,1,0,1
FAMILY_0095,1,1,0,1
FAMILY_0096,1,1,0,1
FAMILY_0097,1,1,0,1
FAMILY_0098,1,1,0,1
FAMILY_0099,1,1,0,1
FAMILY_0100,1,1,0,1
FAMILY_0101,1,1,0,1
FAMILY_0102,1,1,0,1
FAMILY_0103,1,1,0,1
FAMILY_0104,1,1,0,1
FAMILY_0105,1,1,0,1
FAMILY_0106,1,1,0,1
FAMILY_0107,1,1,0,1
FAMILY_0108,1,1,0,1
FAMILY_0109,1,1,0,1
FAMILY_0110,1,1,0,1
FAMILY_0111,1,1,0,1
FAMILY_0112,1,1,0,1
FAMILY_0113,2,2,0,2
FAMILY_0114,1,1,0,1
FAMILY_0115,1,1,0,1
FAMILY_0116,1,1,0,1
FAMILY_0117,1,1,0,1
FAMILY_0118,2,2,0,2
FAMILY_0119,1,1,0,1
FAMILY_0120,0,0,0,0
FAMILY_0121,1,1,0,1
FAMILY_0122,1,1,0,1
FAMILY_0123,2,2,0,2
FAMILY_0124,1,1,0,1
FAMILY_0125,2,2,0,2
FAMILY_0126,1,1,0,1
FAMILY_0127,1,1,0,1
FAMILY_0128,1,1,0,1
FAMILY_0129,1,1,0,1
FAMILY_0130,1,1,0,1
FAMILY_0131,1,1,0,1
FAMILY_0132,1,1,0,1
FAMILY_0133,1,1,0,1
FAMILY_0134,1,1,0,1
FAMILY_0135,1,1,0,1
FAMILY_0136,1,1,0,1
FAMILY_0137,1,1,0,1
FAMILY_0138,1,1,0,1
FAMILY_0139,1,1,0,1
FAMILY_0140,1,1,0,1
FAMILY_0141,1,1,0,1
FAMILY_0142,1,1,0,1
FAMILY_0143,1,1,0,1
FAMILY_0144,1,1,0,1
FAMILY_0145,1,1,0,1
FAMILY_0146,1,1,0,1
FAMILY_0147,1,1,0,1
FAMILY_0148,1,1,0,1
FAMILY_0149,1,1,0,1
FAMILY_0150,1,1,0,3
FAMILY_0151,1,1,0,1
FAMILY_0152,1,1,0,1
FAMILY_0153,1,1,0,1
FAMILY_0154,1,1,0,1
FAMILY_0155,1,1,0,2
FAMILY_0156,1,1,0,3
FAMILY_0157,1,1,0,1
FAMILY_0158,1,1,0,3
FAMILY_0159,1,1,0,2
FAMILY_0160,1,1,0,1
FAMILY_0161,1,1,0,1
FAMILY_0162,1,1,0,1
FAMILY_0163,1,1,0,2
FAMILY_0164,1,1,0,1
FAMILY_0165,1,1,0,2
FAMILY_0166,5,5,0,4
FAMILY_0167,1,1,0,1
FAMILY_0168,3,3,0,4
FAMILY_0169,1,1,0,1
FAMILY_0170,2,2,0,2
FAMILY_0171,1,1,0,1
FAMILY_0172,1,1,0,1
FAMILY_0173,1,1,0,1
FAMILY_0174,1,1,0,4
FAMILY_0175,1,1,0,1
FAMILY_0176,1,1,0,1
FAMILY_0177,1,1,0,3
FAMILY_0178,0,0,0,0
FAMILY_0179,1,1,0,1
FAMILY_0180,0,0,0,0
FAMILY_0181,1,1,0,2
FAMILY_0182,2,2,0,1
FAMILY_0183,0,0,0,0
FAMILY_0184,1,1,0,2
FAMILY_0185,1,1,0,1
FAMILY_0186,1,1,0,1
FAMILY_0187,1,1,0,1
FAMILY_0188,1,1,0,1
FAMILY_0189,1,1,0,1
FAMILY_0190,0,0,0,0
FAMILY_0191,2,2,0,3
FAMILY_0192,1,1,0,2
FAMILY_0193,1,1,0,3
FAMILY_0194,1,1,0,3
FAMILY_0195,0,0,0,0
FAMILY_0196,1,1,0,1
FAMILY_0197,1,1,0,1
FAMILY_0198,0,0,0,0
FAMILY_0199,1,1,0,1
FAMILY_0200,4,4,0,3
FAMILY_0201,1,1,0,3
FAMILY_0202,2,2,0,1
FAMILY_0203,1,1,0,1
FAMILY_0204,1,1,0,1
FAMILY_0205,2,2,0,1
FAMILY_0206,1,1,0,1
FAMILY_0207,1,1,0,1
FAMILY_0208,1,1,0,1
FAMILY_0209,1,1,0,1
FAMILY_0210,3,3,0,1
FAMILY_0211,2,2,0,1
FAMILY_0212,1,1,0,1
FAMILY_0213,2,2,0,1
FAMILY_0214,1,1,0,1
FAMILY_0215,2,2,0,1
FAMILY_0216,1,1,0,1
FAMILY_0217,1,1,0,1
FAMILY_0218,1,1,0,1
FAMILY_0219,1,1,0,1
FAMILY_0220,1,1,0,1
FAMILY_0221,1,1,0,1
FAMILY_0222,1,1,0,1
FAMILY_0223,1,1,0,1
FAMILY_0224,1,1,0,1
FAMILY_0225,1,1,0,1
FAMILY_0226,1,1,0,1
FAMILY_0227,1,1,0,1
FAMILY_0228,1,1,0,1
FAMILY_0229,2,2,0,1
FAMILY_0230,1,1,0,1
FAMILY_0231,1,1,0,1
FAMILY_0232,1,1,0,1
FAMILY_0233,1,1,0,1
FAMILY_0234,1,1,0,1
FAMILY_0235,1,1,0,1
FAMILY_0236,1,1,0,1
FAMILY_0237,2,2,0,1
FAMILY_0238,1,1,0,1
FAMILY_0239,1,1,0,1
FAMILY_0240,2,2,0,1
FAMILY_0241,1,1,0,1
FAMILY_0242,1,1,0,1
FAMILY_0243,1,1,0,1
FAMILY_0244,1,1,0,1
FAMILY_0245,2,2,0,1
FAMILY_0246,1,1,0,1
FAMILY_0247,1,1,0,1
FAMILY_0248,1,1,0,1
FAMILY_0249,1,1,0,1
FAMILY_0250,1,1,0,1
FAMILY_0251,1,1,0,1
FAMILY_0252,3,3,0,1
FAMILY_0253,4,4,0,1
FAMILY_0254,2,2,0,1
FAMILY_0255,1,1,0,1
FAMILY_0256,2,2,0,1
FAMILY_0257,2,2,0,1
FAMILY_0258,1,1,0,1
FAMILY_0259,1,1,0,1
FAMILY_0260,1,1,0,1
FAMILY_0261,1,1,0,1
FAMILY_0262,1,1,0,1
FAMILY_0263,1,1,0,1
FAMILY_0264,1,1,0,1
FAMILY_0265,3,3,0,1
FAMILY_0266,1,1,0,1
FAMILY_0267,1,1,0,1
FAMILY_0268,1,1,0,1
FAMILY_0269,1,1,0,1
FAMILY_0270,1,1,0,1
FAMILY_0271,2,2,0,1
FAMILY_0272,5,5,0,1
FAMILY_0273,2,2,0,1
FAMILY_0274,1,1,0,1
FAMILY_0275,2,2,0,1
FAMILY_0276,2,2,0,1
FAMILY_0277,1,1,0,1
FAMILY_0278,1,1,0,1
FAMILY_0279,1,1,0,1
FAMILY_0280,3,3,0,1
FAMILY_0281,1,1,0,1
FAMILY_0282,1,1,0,1
FAMILY_0283,1,1,0,1
FAMILY_0284,1,1,0,1
FAMILY_0285,1,1,0,1
FAMILY_0286,2,2,0,1
FAMILY_0287,1,1,0,1
FAMILY_0288,1,1,0,1
FAMILY_0289,2,2,0,1
FAMILY_0290,1,1,0,1
FAMILY_0291,1,1,0,1
FAMILY_0292,1,1,0,1
FAMILY_0293,1,1,0,1
FAMILY_0294,3,3,0,1
FAMILY_0295,1,1,0,1
FAMILY_0296,1,1,0,1
FAMILY_0297,2,2,0,1
FAMILY_0298,5,5,0,1
FAMILY_0299,1,1,0,1
FAMILY_0300,1,1,0,1
FAMILY_0301,1,1,0,1
FAMILY_0302,1,1,0,1
FAMILY_0303,2,2,0,1
FAMILY_0304,1,1,0,1
FAMILY_0305,2,2,0,1
FAMILY_0306,1,1,0,1
FAMILY_0307,1,1,0,1
FAMILY_0308,1,1,0,1
FAMILY_0309,1,1,0,1
FAMILY_0310,1,1,0,1
FAMILY_0311,3,3,0,1
FAMILY_0312,2,2,0,1
FAMILY_0313,1,1,0,1
FAMILY_0314,1,1,0,1
FAMILY_0315,1,1,0,1
FAMILY_0316,1,1,0,1
FAMILY_0317,1,1,0,1
FAMILY_0318,1,1,0,1
FAMILY_0319,1,1,0,1
FAMILY_0320,2,2,0,1
FAMILY_0321,1,1,0,1
FAMILY_0322,1,1,0,1
FAMILY_0323,1,1,0,1
FAMILY_0324,1,1,0,1
FAMILY_0325,1,1,0,1
FAMILY_0326,1,1,0,1
FAMILY_0327,1,1,0,1
FAMILY_0328,3,3,0,1
FAMILY_0329,1,1,0,1
FAMILY_0330,1,1,0,1
FAMILY_0331,1,1,0,1
FAMILY_0332,3,3,0,1
FAMILY_0333,1,1,0,1
FAMILY_0334,1,1,0,1
FAMILY_0335,1,1,0,1
FAMILY_0336,1,1,0,1
FAMILY_0337,2,2,0,1
FAMILY_0338,1,1,0,1
FAMILY_0339,1,1,0,1
FAMILY_0340,1,1,0,1
FAMILY_0341,2,2,0,1
FAMILY_0342,1,1,0,1
FAMILY_0343,2,2,0,1
FAMILY_0344,1,1,0,1
FAMILY_0345,1,1,0,1
FAMILY_0346,1,1,0,1
FAMILY_0347,1,1,0,1
FAMILY_0348,1,1,0,1
FAMILY_0349,1,1,0,1
FAMILY_0350,1,1,0,1
FAMILY_0351,1,1,0,1
FAMILY_0352,2,2,0,1
FAMILY_0353,2,2,0,1
FAMILY_0354,1,1,0,1
FAMILY_0355,1,1,0,1
FAMILY_0356,1,1,0,1
FAMILY_0357,1,1,0,1
FAMILY_0358,1,1,0,1
FAMILY_0359,1,1,0,1
FAMILY_0360,1,1,0,1
FAMILY_0361,2,2,0,1
FAMILY_0362,1,1,0,1
FAMILY_0363,1,1,0,1
FAMILY_0364,1,1,0,1
FAMILY_0365,1,1,0,1
FAMILY_0366,1,1,0,1
FAMILY_0367,1,1,0,1
FAMILY_0368,1,1,0,1
FAMILY_0369,1,1,0,1
FAMILY_0370,1,1,0,1
FAMILY_0371,1,1,0,1
FAMILY_0372,1,1,0,1
FAMILY_0373,1,1,0,1
FAMILY_0374,2,2,0,1
FAMILY_0375,1,1,0,1
FAMILY_0376,2,2,0,1
FAMILY_0377,1,1,0,1
FAMILY_0378,1,1,0,1
FAMILY_0379,1,1,0,1
FAMILY_0380,1,1,0,1
FAMILY_0381,1,1,0,1
FAMILY_0382,1,1,0,1
FAMILY_0383,1,1,0,1
FAMILY_0384,1,1,0,1
FAMILY_0385,1,1,0,1
FAMILY_0386,1,1,0,1
FAMILY_0387,1,1,0,1
FAMILY_0388,1,1,0,1
FAMILY_0389,1,1,0,1
FAMILY_0390,1,1,0,1
FAMILY_0391,1,1,0,1
FAMILY_0392,1,1,0,1
FAMILY_0393,1,1,0,1
FAMILY_0394,1,1,0,1
FAMILY_0395,1,1,0,1
FAMILY_0396,1,1,0,1
FAMILY_0397,1,1,0,1
FAMILY_0398,1,1,0,1
FAMILY_0399,1,1,0,1
FAMILY_0400,1,1,0,1
FAMILY_0401,1,1,0,1
FAMILY_0402,1,1,0,1
FAMILY_0403,1,1,0,1
FAMILY_0404,1,1,0,1
FAMILY_0405,1,1,0,1
FAMILY_0406,1,1,0,1
FAMILY_0407,2,2,0,1
FAMILY_0408,2,2,0,1
FAMILY_0409,4,4,0,1
FAMILY_0410,2,2,0,1
FAMILY_0411,1,1,0,1
FAMILY_0412,1,1,0,1
FAMILY_0413,1,1,0,1
FAMILY_0414,1,1,0,1
FAMILY_0415,1,1,0,1
FAMILY_0416,1,1,0,1
FAMILY_0417,1,1,0,1
FAMILY_0418,2,2,0,1
FAMILY_0419,1,1,0,1
FAMILY_0420,2,2,0,1
FAMILY_0421,2,2,0,1
FAMILY_0422,1,1,0,1
FAMILY_0423,3,3,0,1
FAMILY_0424,1,1,0,1
FAMILY_0425,1,1,0,1
FAMILY_0426,1,1,0,1
FAMILY_0427,1,1,0,1
FAMILY_0428,1,1,0,1
FAMILY_0429,1,1,0,1
FAMILY_0430,1,1,0,1
FAMILY_0431,2,2,0,1
FAMILY_0432,1,1,0,1
FAMILY_0433,1,1,0,1
FAMILY_0434,1,1,0,1
FAMILY_0435,1,1,0,1
FAMILY_0436,1,1,0,1
FAMILY_0437,1,1,0,1
FAMILY_0438,1,1,0,1
FAMILY_0439,1,1,0,1
FAMILY_0440,1,1,0,1
FAMILY_0441,2,2,0,1
FAMILY_0442,1,1,0,1
FAMILY_0443,2,2,0,1
FAMILY_0444,1,1,0,1
FAMILY_0445,1,1,0,1
FAMILY_0446,2,2,0,1
FAMILY_0447,1,1,0,1
FAMILY_0448,1,1,0,1
FAMILY_0449,2,2,0,1
FAMILY_0450,1,1,0,1
FAMILY_0451,1,1,0,1
FAMILY_0452,1,1,0,1
FAMILY_0453,1,1,0,1
FAMILY_0454,1,1,0,1
FAMILY_0455,1,1,0,1
FAMILY_0456,1,1,0,1
FAMILY_0457,1,1,0,1
FAMILY_0458,1,1,0,1
FAMILY_0459,1,1,0,1
FAMILY_0460,1,1,0,1
FAMILY_0461,1,1,0,1
FAMILY_0462,1,1,0,1
FAMILY_0463,1,1,0,1
FAMILY_0464,1,1,0,1
FAMILY_0465,1,1,0,1
FAMILY_0466,1,1,0,1
FAMILY_0467,1,1,0,1
FAMILY_0468,1,1,0,1
FAMILY_0469,1,1,0,1
FAMILY_0470,1,1,0,1
FAMILY_0471,1,1,0,1
FAMILY_0472,1,1,0,1
FAMILY_0473,1,1,0,1
FAMILY_0474,1,1,0,1
FAMILY_0475,1,1,0,1
FAMILY_0476,1,1,0,1
FAMILY_0477,1,1,0,1
FAMILY_0478,1,1,0,1
FAMILY_0479,1,1,0,1
FAMILY_0480,1,1,0,1
FAMILY_0481,1,1,0,1
FAMILY_0482,1,1,0,1
FAMILY_0483,1,1,0,1
FAMILY_0484,1,1,0,1
FAMILY_0485,2,2,0,1
FAMILY_0486,1,1,0,1
FAMILY_0487,1,1,0,1
FAMILY_0488,1,1,0,1
FAMILY_0489,2,2,0,1
FAMILY_0490,1,1,0,1
FAMILY_0491,1,1,0,1
FAMILY_0492,3,3,0,1
FAMILY_0493,1,1,0,1
FAMILY_0494,1,1,0,1
FAMILY_0495,1,1,0,1
FAMILY_0496,1,1,0,1
FAMILY_0497,1,1,0,1
FAMILY_0498,1,1,0,1
FAMILY_0499,1,1,0,1
FAMILY_0500,1,1,0,1
FAMILY_0501,8,8,0,3
FAMILY_0502,1,1,0,1
FAMILY_0503,1,1,0,1
FAMILY_0504,1,1,0,1
FAMILY_0505,1,1,0,1
FAMILY_0506,1,1,0,1
FAMILY_0507,1,1,0,1
FAMILY_0508,1,1,0,1
FAMILY_0509,1,1,0,1
FAMILY_0510,1,1,0,1
FAMILY_0511,1,1,0,1
FAMILY_0512,2,2,0,1
FAMILY_0513,1,1,0,1
FAMILY_0514,1,1,0,1
FAMILY_0515,1,1,0,1
FAMILY_0516,3,3,0,1
FAMILY_0517,1,1,0,1
FAMILY_0518,1,1,0,1
FAMILY_0519,1,1,0,1
FAMILY_0520,2,2,0,1
FAMILY_0521,1,1,0,1
FAMILY_0522,2,2,0,1
FAMILY_0523,1,1,0,1
FAMILY_0524,1,1,0,1
FAMILY_0525,2,2,0,1
FAMILY_0526,1,1,0,1
FAMILY_0527,1,1,0,1
FAMILY_0528,2,2,0,1
FAMILY_0529,1,1,0,1
FAMILY_0530,1,1,0,1
FAMILY_0531,1,1,0,1
FAMILY_0532,1,1,0,1
FAMILY_0533,1,1,0,1
FAMILY_0534,1,1,0,1
FAMILY_0535,4,4,0,1
FAMILY_0536,1,1,0,1
FAMILY_0537,1,1,0,1
FAMILY_0538,1,1,0,1
FAMILY_0539,1,1,0,1
FAMILY_0540,2,2,0,1
FAMILY_0541,2,2,0,1
FAMILY_0542,2,2,0,1
FAMILY_0543,2,2,0,1
FAMILY_0544,1,1,0,1
FAMILY_0545,1,1,0,1
FAMILY_0546,1,1,0,1
FAMILY_0547,1,1,0,1
FAMILY_0548,2,2,0,1
FAMILY_0549,1,1,0,1
FAMILY_0550,1,1,0,1
FAMILY_0551,1,1,0,1
FAMILY_0552,1,1,0,1
FAMILY_0553,1,1,0,1
FAMILY_0554,4,4,0,1
FAMILY_0555,1,1,0,1
FAMILY_0556,1,1,0,1
FAMILY_0557,1,1,0,1
FAMILY_0558,1,1,0,1
FAMILY_0559,1,1,0,1
FAMILY_0560,2,2,0,1
FAMILY_0561,1,1,0,1
FAMILY_0562,1,1,0,1
FAMILY_0563,1,1,0,1
FAMILY_0564,4,4,0,1
FAMILY_0565,1,1,0,1
FAMILY_0566,3,3,0,1
FAMILY_0567,4,4,0,3
FAMILY_0568,2,2,0,1
FAMILY_0569,1,1,0,1
FAMILY_0570,1,1,0,1
FAMILY_0571,1,1,0,1
FAMILY_0572,1,1,0,1
FAMILY_0573,2,2,0,1
FAMILY_0574,1,1,0,1
FAMILY_0575,1,1,0,1
FAMILY_0576,2,2,0,1
FAMILY_0577,1,1,0,1
FAMILY_0578,1,1,0,1
FAMILY_0579,1,1,0,1
FAMILY_0580,1,1,0,1
FAMILY_0581,1,1,0,1
FAMILY_0582,1,1,0,1
FAMILY_0583,1,1,0,1
FAMILY_0584,1,1,0,1
FAMILY_0585,1,1,0,1
FAMILY_0586,1,1,0,1
FAMILY_0587,2,2,0,1
FAMILY_0588,1,1,0,1
FAMILY_0589,1,1,0,1
FAMILY_0590,1,1,0,1
FAMILY_0591,1,1,0,1
FAMILY_0592,1,1,0,1
FAMILY_0593,4,4,0,1
FAMILY_0594,1,1,0,1
FAMILY_0595,1,1,0,1
FAMILY_0596,1,1,0,1
FAMILY_0597,1,1,0,1
FAMILY_0598,1,1,0,1
FAMILY_0599,1,1,0,1
FAMILY_0600,1,1,0,1
FAMILY_0601,1,1,0,1
FAMILY_0602,1,1,0,1
FAMILY_0603,2,2,0,1
FAMILY_0604,2,2,0,1
FAMILY_0605,1,1,0,1
FAMILY_0606,1,1,0,1
FAMILY_0607,1,1,0,1
FAMILY_0608,1,1,0,1
FAMILY_0609,1,1,0,1
FAMILY_0610,1,1,0,1
FAMILY_0611,1,1,0,1
FAMILY_0612,1,1,0,1
FAMILY_0613,1,1,0,1
FAMILY_0614,1,1,0,1
FAMILY_0615,1,1,0,1
FAMILY_0616,1,1,0,1
FAMILY_0617,1,1,0,1
FAMILY_0618,1,1,0,1
FAMILY_0619,2,2,0,1
FAMILY_0620,1,1,0,1
FAMILY_0621,1,1,0,1
FAMILY_0622,1,1,0,1
FAMILY_0623,1,1,0,1
FAMILY_0624,1,1,0,1
FAMILY_0625,1,1,0,1
FAMILY_0626,1,1,0,1
FAMILY_0627,1,1,0,1
FAMILY_0628,1,1,0,1
FAMILY_0629,1,1,0,1
FAMILY_0630,1,1,0,1
FAMILY_0631,1,1,0,1
FAMILY_0632,4,4,0,1
FAMILY_0633,1,1,0,1
FAMILY_0634,1,1,0,1
FAMILY_0635,1,1,0,1
FAMILY_0636,1,1,0,1
FAMILY_0637,1,1,0,1
FAMILY_0638,1,1,0,1
FAMILY_0639,2,2,0,1
FAMILY_0640,5,5,0,1
FAMILY_0641,1,1,0,1
FAMILY_0642,1,1,0,1
FAMILY_0643,1,1,0,1
FAMILY_0644,1,1,0,1
FAMILY_0645,1,1,0,1
FAMILY_0646,2,2,0,1
FAMILY_0647,1,1,0,1
FAMILY_0648,1,1,0,1
FAMILY_0649,1,1,0,1
FAMILY_0650,3,3,0,2
FAMILY_0651,1,1,0,1
FAMILY_0652,1,1,0,1
FAMILY_0653,2,2,0,1
FAMILY_0654,1,1,0,1
FAMILY_0655,2,2,0,1
FAMILY_0656,1,1,0,1
FAMILY_0657,1,1,0,1
FAMILY_0658,2,2,0,1
FAMILY_0659,1,1,0,1
FAMILY_0660,1,1,0,1
FAMILY_0661,2,2,0,1
FAMILY_0662,1,1,0,1
FAMILY_0663,1,1,0,1
FAMILY_0664,1,1,0,1
FAMILY_0665,1,1,0,1
FAMILY_0666,2,2,0,1
FAMILY_0667,1,1,0,1
FAMILY_0668,1,1,0,1
FAMILY_0669,1,1,0,1
FAMILY_0670,1,1,0,1
FAMILY_0671,1,1,0,1
FAMILY_0672,1,1,0,1
FAMILY_0673,1,1,0,1
FAMILY_0674,1,1,0,1
FAMILY_0675,1,1,0,1
FAMILY_0676,1,1,0,1
FAMILY_0677,1,1,0,1
FAMILY_0678,3,3,0,3
FAMILY_0679,5,5,0,5
FAMILY_0680,1,1,0,3
FAMILY_0681,1,1,0,1
FAMILY_0682,1,1,0,1
FAMILY_0683,1,1,0,1
FAMILY_0684,1,1,0,1
FAMILY_0685,1,1,0,1
FAMILY_0686,1,1,0,1
FAMILY_0687,1,1,0,1
FAMILY_0688,1,1,0,2
FAMILY_0689,1,1,0,1
FAMILY_0690,1,1,0,1
FAMILY_0691,1,1,0,1
FAMILY_0692,1,1,0,1
FAMILY_0693,1,1,0,1
FAMILY_0694,1,1,0,1
FAMILY_0695,1,1,0,1
FAMILY_0696,0,0,0,0
FAMILY_0697,0,0,0,0
FAMILY_0698,1,1,0,1
FAMILY_0699,1,1,0,1
FAMILY_0700,1,1,0,1
FAMILY_0701,1,1,0,1
FAMILY_0702,1,1,0,1
FAMILY_0703,1,1,0,1
FAMILY_0704,0,0,0,0
FAMILY_0705,1,1,0,1
FAMILY_0706,1,1,0,1
FAMILY_0707,1,1,0,1
FAMILY_0708,2,2,0,1
FAMILY_0709,1,1,0,1
FAMILY_0710,1,1,0,1
FAMILY_0711,1,1,0,1
FAMILY_0712,1,1,0,1
FAMILY_0713,1,1,0,1
FAMILY_0714,1,1,0,1
FAMILY_0715,1,1,0,1
FAMILY_0716,1,1,0,1
FAMILY_0717,1,1,0,1
FAMILY_0718,1,1,0,1
FAMILY_0719,1,1,0,1
FAMILY_0720,1,1,0,1
FAMILY_0721,1,1,0,1
FAMILY_0722,1,1,0,1
FAMILY_0723,1,1,0,1
FAMILY_0724,1,1,0,1
FAMILY_0725,1,1,0,1
FAMILY_0726,1,1,0,1
FAMILY_0727,3,3,0,1
FAMILY_0728,1,1,0,1
FAMILY_0729,1,1,0,1
FAMILY_0730,1,1,0,1
FAMILY_0731,1,1,0,1
FAMILY_0732,1,1,0,1
FAMILY_0733,1,1,0,1
FAMILY_0734,1,1,0,1
FAMILY_0735,1,1,0,1
FAMILY_0736,1,1,0,1
FAMILY_0737,1,1,0,1
FAMILY_0738,1,1,0,1
FAMILY_0739,1,1,0,1
FAMILY_0740,1,1,0,1
FAMILY_0741,1,1,0,1
FAMILY_0742,1,1,0,1
FAMILY_0743,1,1,0,1
FAMILY_0744,1,1,0,1
FAMILY_0745,1,1,0,1
FAMILY_0746,1,1,0,1
FAMILY_0747,1,1,0,1
FAMILY_0748,1,1,0,1
FAMILY_0749,1,1,0,1
FAMILY_0750,1,1,0,1
FAMILY_0751,1,1,0,1
FAMILY_0752,1,1,0,1
FAMILY_0753,3,3,0,1
FAMILY_0754,1,1,0,1
FAMILY_0755,2,2,0,1
FAMILY_0756,1,1,0,1
FAMILY_0757,1,1,0,1
FAMILY_0758,1,1,0,1
FAMILY_0759,1,1,0,1
FAMILY_0760,2,2,0,1
FAMILY_0761,1,1,0,1
FAMILY_0762,1,1,0,1
FAMILY_0763,1,1,0,1
FAMILY_0764,1,1,0,1
FAMILY_0765,1,1,0,1
FAMILY_0766,1,1,0,1
FAMILY_0767,1,1,0,1
FAMILY_0768,1,1,0,1
FAMILY_0769,1,1,0,1
FAMILY_0770,1,1,0,1
FAMILY_0771,1,1,0,1
FAMILY_0772,1,1,0,1
FAMILY_0773,1,1,0,1
FAMILY_0774,1,1,0,1
FAMILY_0775,1,1,0,1
FAMILY_0776,1,1,0,1
FAMILY_0777,2,2,0,1
FAMILY_0778,1,1,0,1
FAMILY_0779,2,2,0,1
FAMILY_0780,4,4,0,1
FAMILY_0781,1,1,0,1
FAMILY_0782,1,1,0,1
FAMILY_0783,1,1,0,1
FAMILY_0784,1,1,0,1
FAMILY_0785,1,1,0,1
FAMILY_0786,1,1,0,1
FAMILY_0787,1,1,0,1
FAMILY_0788,1,1,0,1
FAMILY_0789,2,2,0,1
FAMILY_0790,6,6,0,4
FAMILY_0791,2,2,0,1
FAMILY_0792,3,3,0,1
FAMILY_0793,2,2,0,1
FAMILY_0794,1,1,0,1
FAMILY_0795,2,2,0,1
FAMILY_0796,1,1,0,1
FAMILY_0797,1,1,0,1
FAMILY_0798,1,1,0,1
FAMILY_0799,1,1,0,1
FAMILY_0800,1,1,0,1
FAMILY_0801,1,1,0,1
FAMILY_0802,1,1,0,1
FAMILY_0803,1,1,0,1
FAMILY_0804,3,3,0,1
FAMILY_0805,1,1,0,1
FAMILY_0806,1,1,0,1
FAMILY_0807,2,2,0,1
FAMILY_0808,1,1,0,1
FAMILY_0809,1,1,0,1
FAMILY_0810,1,1,0,1
FAMILY_0811,1,1,0,1
FAMILY_0812,3,3,0,1
FAMILY_0813,1,1,0,1
FAMILY_0814,1,1,0,1
FAMILY_0815,1,1,0,1
FAMILY_0816,2,2,0,1
FAMILY_0817,1,1,0,1
FAMILY_0818,1,1,0,1
FAMILY_0819,1,1,0,1
FAMILY_0820,1,1,0,1
FAMILY_0821,1,1,0,1
FAMILY_0822,1,1,0,1
FAMILY_0823,1,1,0,1
FAMILY_0824,1,1,0,1
FAMILY_0825,1,1,0,1
FAMILY_0826,3,3,0,1
FAMILY_0827,1,1,0,1
FAMILY_0828,5,5,0,1
FAMILY_0829,1,1,0,1
FAMILY_0830,1,1,0,1
FAMILY_0831,1,1,0,1
FAMILY_0832,1,1,0,1
FAMILY_0833,1,1,0,1
FAMILY_0834,1,1,0,1
FAMILY_0835,1,1,0,1
FAMILY_0836,1,1,0,1
FAMILY_0837,1,1,0,1
FAMILY_0838,1,1,0,1
FAMILY_0839,1,1,0,1
FAMILY_0840,1,1,0,1
FAMILY_0841,2,2,0,1
FAMILY_0842,1,1,0,1
FAMILY_0843,1,1,0,1
FAMILY_0844,1,1,0,1
FAMILY_0845,1,1,0,1
FAMILY_0846,1,1,0,1
FAMILY_0847,1,1,0,1
FAMILY_0848,2,2,0,1
FAMILY_0849,1,1,0,1
FAMILY_0850,1,1,0,1
FAMILY_0851,1,1,0,1
FAMILY_0852,1,1,0,1
FAMILY_0853,4,4,0,2
FAMILY_0854,1,1,0,1
FAMILY_0855,1,1,0,1
FAMILY_0856,1,1,0,1
FAMILY_0857,1,1,0,1
FAMILY_0858,1,1,0,1
FAMILY_0859,3,3,0,1
FAMILY_0860,1,1,0,1
FAMILY_0861,1,1,0,1
FAMILY_0862,1,1,0,1
FAMILY_0863,1,1,0,1
FAMILY_0864,1,1,0,1
FAMILY_0865,1,1,0,1
FAMILY_0866,1,1,0,1
FAMILY_0867,1,1,0,1
FAMILY_0868,1,1,0,1
FAMILY_0869,1,1,0,1
FAMILY_0870,1,1,0,1
FAMILY_0871,1,1,0,1
FAMILY_0872,1,1,0,1
FAMILY_0873,1,1,0,1
FAMILY_0874,1,1,0,1
FAMILY_0875,2,2,0,1
FAMILY_0876,1,1,0,1
FAMILY_0877,1,1,0,1
FAMILY_0878,1,1,0,1
FAMILY_0879,1,1,0,1
FAMILY_0880,2,2,0,1
FAMILY_0881,1,1,0,1
FAMILY_0882,1,1,0,1
FAMILY_0883,1,1,0,1
FAMILY_0884,1,1,0,1
FAMILY_0885,2,2,0,1
FAMILY_0886,3,3,0,1
FAMILY_0887,1,1,0,1
FAMILY_0888,1,1,0,1
FAMILY_0889,1,1,0,1
FAMILY_0890,2,2,0,1
FAMILY_0891,1,1,0,1
FAMILY_0892,2,2,0,1
FAMILY_0893,1,1,0,1
FAMILY_0894,1,1,0,1
FAMILY_0895,1,1,0,1
FAMILY_0896,1,1,0,1
FAMILY_0897,1,1,0,1
FAMILY_0898,1,1,0,1
FAMILY_0899,1,1,0,1
FAMILY_0900,1,1,0,1
FAMILY_0901,2,2,0,1
FAMILY_0902,1,1,0,1
FAMILY_0903,1,1,0,1
FAMILY_0904,1,1,0,1
FAMILY_0905,1,1,0,1
FAMILY_0906,1,1,0,1
FAMILY_0907,1,1,0,1
FAMILY_0908,1,1,0,1
FAMILY_0909,1,1,0,1
FAMILY_0910,1,1,0,1
FAMILY_0911,1,1,0,1
FAMILY_0912,1,1,0,1
FAMILY_0913,1,1,0,1
FAMILY_0914,1,1,0,1
FAMILY_0915,1,1,0,1
FAMILY_0916,2,2,0,1
FAMILY_0917,2,2,0,1
FAMILY_0918,1,1,0,1
FAMILY_0919,2,2,0,1
FAMILY_0920,2,2,0,1
FAMILY_0921,1,1,0,1
FAMILY_0922,1,1,0,1
FAMILY_0923,1,1,0,1
FAMILY_0924,1,1,0,1
FAMILY_0925,1,1,0,1
FAMILY_0926,1,1,0,1
FAMILY_0927,1,1,0,1
FAMILY_0928,1,1,0,1
FAMILY_0929,1,1,0,1
FAMILY_0930,1,1,0,1
FAMILY_0931,1,1,0,1
FAMILY_0932,1,1,0,1
FAMILY_0933,1,1,0,1
FAMILY_0934,1,1,0,1
FAMILY_0935,1,1,0,1
FAMILY_0936,2,2,0,1
FAMILY_0937,1,1,0,1
FAMILY_0938,1,1,0,1
FAMILY_0939,1,1,0,1
FAMILY_0940,1,1,0,1
FAMILY_0941,1,1,0,1
FAMILY_0942,1,1,0,1
FAMILY_0943,3,3,0,1
FAMILY_0944,2,2,0,1
FAMILY_0945,1,1,0,1
FAMILY_0946,1,1,0,1
FAMILY_0947,1,1,0,1
FAMILY_0948,1,1,0,1
FAMILY_0949,1,1,0,1
FAMILY_0950,1,1,0,1
FAMILY_0951,1,1,0,1
FAMILY_0952,1,1,0,1
FAMILY_0953,1,1,0,1
FAMILY_0954,1,1,0,1
FAMILY_0955,1,1,0,1
FAMILY_0956,1,1,0,1
FAMILY_0957,1,1,0,1
FAMILY_0958,1,1,0,1
FAMILY_0959,1,1,0,1
FAMILY_0960,1,1,0,1
FAMILY_0961,1,1,0,1
FAMILY_0962,1,1,0,1
FAMILY_0963,1,1,0,1
FAMILY_0964,1,1,0,1
FAMILY_0965,1,1,0,1
FAMILY_0966,1,1,0,1
FAMILY_0967,1,1,0,1
FAMILY_0968,1,1,0,1
FAMILY_0969,1,1,0,1
FAMILY_0970,1,1,0,1
FAMILY_0971,1,1,0,1
FAMILY_0972,1,1,0,1
FAMILY_0973,1,1,0,1
FAMILY_0974,1,1,0,1
FAMILY_0975,1,1,0,1
FAMILY_0976,1,1,0,1
FAMILY_0977,1,1,0,1
FAMILY_0978,2,2,0,1
FAMILY_0979,1,1,0,1
FAMILY_0980,1,1,0,1
FAMILY_0981,2,2,0,1
FAMILY_0982,1,1,0,1
FAMILY_0983,1,1,0,1
FAMILY_0984,1,1,0,1
FAMILY_0985,1,1,0,1
FAMILY_0986,1,1,0,1
FAMILY_0987,1,1,0,1
FAMILY_0988,1,1,0,1
FAMILY_0989,1,1,0,1
FAMILY_0990,1,1,0,1
FAMILY_0991,2,2,0,1
FAMILY_0992,1,1,0,1
FAMILY_0993,1,1,0,1
FAMILY_0994,1,1,0,1
FAMILY_0995,1,1,0,1
FAMILY_0996,1,1,0,1
FAMILY_0997,1,1,0,1
FAMILY_0998,1,1,0,1
FAMILY_0999,1,1,0,1
FAMILY_1000,1,1,0,1
FAMILY_1001,1,1,0,1
FAMILY_1002,1,1,0,1
FAMILY_1003,1,1,0,1
FAMILY_1004,1,1,0,1
FAMILY_1005,1,1,0,1
FAMILY_1006,1,1,0,1
FAMILY_1007,1,1,0,1
FAMILY_1008,1,1,0,1
FAMILY_1009,1,1,0,1
FAMILY_1010,1,1,0,1
FAMILY_1011,1,1,0,1
FAMILY_1012,1,1,0,1
FAMILY_1013,1,1,0,1
FAMILY_1014,1,1,0,1
FAMILY_1015,1,1,0,1
FAMILY_1016,1,1,0,1
FAMILY_1017,1,1,0,1
FAMILY_1018,1,1,0,1
FAMILY_1019,1,1,0,1
FAMILY_1020,1,1,0,1
FAMILY_1021,1,1,0,1
FAMILY_1022,1,1,0,1
FAMILY_1023,1,1,0,1
FAMILY_1024,1,1,0,1
FAMILY_1025,1,1,0,1
FAMILY_1026,1,1,0,1
FAMILY_1027,1,1,0,1
FAMILY_1028,3,3,0,1
FAMILY_1029,2,2,0,1
FAMILY_1030,1,1,0,1
FAMILY_1031,1,1,0,1
FAMILY_1032,1,1,0,1
FAMILY_1033,1,1,0,1
FAMILY_1034,1,1,0,1
FAMILY_1035,1,1,0,1
FAMILY_1036,7,7,0,4
FAMILY_1037,1,1,0,1
FAMILY_1038,2,2,0,1
FAMILY_1039,3,3,0,1
FAMILY_1040,1,1,0,1
FAMILY_1041,2,2,0,1
FAMILY_1042,1,1,0,1
FAMILY_1043,1,1,0,1
FAMILY_1044,1,1,0,1
FAMILY_1045,1,1,0,1
FAMILY_1046,1,1,0,1
FAMILY_1047,1,1,0,1
FAMILY_1048,1,1,0,1
FAMILY_1049,2,2,0,1
FAMILY_1050,1,1,0,1
FAMILY_1051,1,1,0,1
FAMILY_1052,1,1,0,1
FAMILY_1053,4,4,0,1
FAMILY_1054,3,3,0,1
FAMILY_1055,1,1,0,1
FAMILY_1056,1,1,0,1
FAMILY_1057,1,1,0,1
FAMILY_1058,1,1,0,1
FAMILY_1059,1,1,0,1
FAMILY_1060,1,1,0,1
FAMILY_1061,1,1,0,1
FAMILY_1062,2,2,0,1
FAMILY_1063,1,1,0,1
FAMILY_1064,1,1,0,1
FAMILY_1065,1,1,0,1
FAMILY_1066,1,1,0,1
FAMILY_1067,1,1,0,1
FAMILY_1068,1,1,0,1
FAMILY_1069,1,1,0,1
FAMILY_1070,1,1,0,1
FAMILY_1071,1,1,0,1
FAMILY_1072,1,1,0,1
FAMILY_1073,1,1,0,1
FAMILY_1074,1,1,0,1
FAMILY_1075,1,1,0,1
FAMILY_1076,1,1,0,1
FAMILY_1077,1,1,0,1
FAMILY_1078,1,1,0,1
FAMILY_1079,1,1,0,1
FAMILY_1080,1,1,0,1
FAMILY_1081,1,1,0,1
FAMILY_1082,1,1,0,1
FAMILY_1083,1,1,0,1
FAMILY_1084,1,1,0,1
FAMILY_1085,1,1,0,1
FAMILY_1086,1,1,0,1
FAMILY_1087,1,1,0,1
FAMILY_1088,1,1,0,1
FAMILY_1089,1,1,0,1
FAMILY_1090,1,1,0,1
FAMILY_1091,1,1,0,1
FAMILY_1092,1,1,0,1
FAMILY_1093,1,1,0,1
FAMILY_1094,3,3,0,1
FAMILY_1095,1,1,0,1
FAMILY_1096,1,1,0,1
FAMILY_1097,1,1,0,1
FAMILY_1098,1,1,0,1
FAMILY_1099,1,1,0,1
FAMILY_1100,1,1,0,1
FAMILY_1101,1,1,0,1
FAMILY_1102,2,2,0,1
FAMILY_1103,1,1,0,1
FAMILY_1104,3,3,0,1
FAMILY_1105,1,1,0,1
FAMILY_1106,1,1,0,1
FAMILY_1107,1,1,0,1
FAMILY_1108,1,1,0,1
FAMILY_1109,1,1,0,1
FAMILY_1110,1,1,0,1
FAMILY_1111,1,1,0,1
FAMILY_1112,1,1,0,1
FAMILY_1113,2,2,0,1
FAMILY_1114,1,1,0,1
FAMILY_1115,1,1,0,1
FAMILY_1116,2,2,0,1
FAMILY_1117,1,1,0,1
FAMILY_1118,2,2,0,1
FAMILY_1119,1,1,0,1
FAMILY_1120,1,1,0,1
FAMILY_1121,1,1,0,1
FAMILY_1122,1,1,0,1
FAMILY_1123,1,1,0,1
FAMILY_1124,1,1,0,1
FAMILY_1125,1,1,0,1
FAMILY_1126,1,1,0,1
FAMILY_1127,1,1,0,1
FAMILY_1128,1,1,0,1
FAMILY_1129,1,1,0,1
FAMILY_1130,1,1,0,1
FAMILY_1131,1,1,0,1
FAMILY_1132,2,2,0,1
FAMILY_1133,1,1,0,1
FAMILY_1134,2,2,0,1
FAMILY_1135,2,2,0,1
FAMILY_1136,1,1,0,1
FAMILY_1137,1,1,0,1
FAMILY_1138,1,1,0,1
FAMILY_1139,1,1,0,1
FAMILY_1140,1,1,0,1
FAMILY_1141,1,1,0,1
FAMILY_1142,1,1,0,1
FAMILY_1143,1,1,0,1
FAMILY_1144,1,1,0,1
FAMILY_1145,1,1,0,1
FAMILY_1146,2,2,0,1
FAMILY_1147,1,1,0,1
FAMILY_1148,1,1,0,1
FAMILY_1149,1,1,0,1
FAMILY_1150,4,4,0,1
FAMILY_1151,1,1,0,1
FAMILY_1152,2,2,0,1
FAMILY_1153,1,1,0,1
FAMILY_1154,1,1,0,1
FAMILY_1155,1,1,0,1
FAMILY_1156,1,1,0,1
FAMILY_1157,1,1,0,1
FAMILY_1158,1,1,0,1
FAMILY_1159,1,1,0,1
FAMILY_1160,1,1,0,1
FAMILY_1161,1,1,0,1
FAMILY_1162,1,1,0,1
FAMILY_1163,1,1,0,1
FAMILY_1164,1,1,0,1
FAMILY_1165,1,1,0,1
FAMILY_1166,1,1,0,1
FAMILY_1167,1,1,0,1
FAMILY_1168,4,4,0,1
FAMILY_1169,1,1,0,1
FAMILY_1170,1,1,0,1
FAMILY_1171,1,1,0,1
FAMILY_1172,1,1,0,1
FAMILY_1173,1,1,0,1
FAMILY_1174,1,1,0,1
FAMILY_1175,1,1,0,1
FAMILY_1176,1,1,0,1
FAMILY_1177,1,1,0,1
FAMILY_1178,1,1,0,1
FAMILY_1179,1,1,0,1
FAMILY_1180,1,1,0,1
FAMILY_1181,1,1,0,1
FAMILY_1182,1,1,0,1
FAMILY_1183,1,1,0,1
FAMILY_1184,1,1,0,1
FAMILY_1185,1,1,0,1
FAMILY_1186,1,1,0,1
FAMILY_1187,1,1,0,1
FAMILY_1188,1,1,0,1
FAMILY_1189,1,1,0,1
FAMILY_1190,2,2,0,1
FAMILY_1191,2,2,0,1
FAMILY_1192,3,3,0,1
FAMILY_1193,1,1,0,1
FAMILY_1194,2,2,0,1
FAMILY_1195,1,1,0,2
FAMILY_1196,1,1,0,1
FAMILY_1197,1,1,0,1
FAMILY_1198,2,2,0,1
FAMILY_1199,1,1,0,1
FAMILY_1200,1,1,0,1
FAMILY_1201,2,2,0,1
FAMILY_1202,1,1,0,1
FAMILY_1203,1,1,0,1
FAMILY_1204,1,1,0,1
FAMILY_1205,2,2,0,1
FAMILY_1206,1,1,0,1
FAMILY_1207,1,1,0,1
FAMILY_1208,1,1,0,1
FAMILY_1209,1,1,0,2
FAMILY_1210,2,2,0,1
FAMILY_1211,2,2,0,1
FAMILY_1212,2,2,0,1
FAMILY_1213,2,2,0,1
FAMILY_1214,1,1,0,1
FAMILY_1215,1,1,0,1
FAMILY_1216,1,1,0,1
FAMILY_1217,1,1,0,1
FAMILY_1218,1,1,0,1
FAMILY_1219,1,1,0,1
FAMILY_1220,2,2,0,1
FAMILY_1221,2,2,0,1
FAMILY_1222,1,1,0,1
FAMILY_1223,1,1,0,1
FAMILY_1224,1,1,0,1
FAMILY_1225,1,1,0,1
FAMILY_1226,1,1,0,1
FAMILY_1227,3,3,0,1
FAMILY_1228,1,1,0,1
FAMILY_1229,3,3,0,1
FAMILY_1230,1,1,0,1
FAMILY_1231,1,1,0,1
FAMILY_1232,1,1,0,1
FAMILY_1233,1,1,0,1
FAMILY_1234,1,1,0,1
FAMILY_1235,1,1,0,1
FAMILY_1236,1,1,0,1
FAMILY_1237,1,1,0,1
FAMILY_1238,1,1,0,1
FAMILY_1239,2,2,0,1
FAMILY_1240,1,1,0,1
FAMILY_1241,1,1,0,1
FAMILY_1242,1,1,0,1
FAMILY_1243,1,1,0,1
FAMILY_1244,1,1,0,1
FAMILY_1245,1,1,0,1
FAMILY_1246,1,1,0,1
FAMILY_1247,1,1,0,1
FAMILY_1248,2,2,0,1
FAMILY_1249,1,1,0,1
FAMILY_1250,1,1,0,1
FAMILY_1251,1,1,0,1
FAMILY_1252,2,2,0,2
FAMILY_1253,1,1,0,1
FAMILY_1254,1,1,0,1
FAMILY_1255,1,1,0,1
FAMILY_1256,1,1,0,1
FAMILY_1257,1,1,0,1
FAMILY_1258,1,1,0,1
FAMILY_1259,1,1,0,1
FAMILY_1260,1,1,0,1
FAMILY_1261,1,1,0,1
FAMILY_1262,1,1,0,1
FAMILY_1263,1,1,0,1
FAMILY_1264,2,2,0,2
FAMILY_1265,1,1,0,1
FAMILY_1266,1,1,0,1
FAMILY_1267,1,1,0,1
FAMILY_1268,1,1,0,1
FAMILY_1269,1,1,0,1
FAMILY_1270,1,1,0,1
FAMILY_1271,2,2,0,1
FAMILY_1272,1,1,0,1
FAMILY_1273,1,1,0,1
FAMILY_1274,1,1,0,1
FAMILY_1275,1,1,0,1
FAMILY_1276,7,7,0,1
FAMILY_1277,3,3,0,1
FAMILY_1278,1,1,0,1
FAMILY_1279,1,1,0,1
FAMILY_1280,1,1,0,1
FAMILY_1281,1,1,0,1
FAMILY_1282,1,1,0,1
FAMILY_1283,1,1,0,1
FAMILY_1284,1,1,0,1
FAMILY_1285,1,1,0,1
FAMILY_1286,2,2,0,1
FAMILY_1287,2,2,0,1
FAMILY_1288,1,1,0,1
FAMILY_1289,1,1,0,1
FAMILY_1290,1,1,0,1
FAMILY_1291,2,2,0,1
FAMILY_1292,2,2,0,1
FAMILY_1293,1,1,0,1
FAMILY_1294,2,2,0,1
FAMILY_1295,1,1,0,1
FAMILY_1296,1,1,0,1
FAMILY_1297,1,1,0,1
FAMILY_1298,1,1,0,1
FAMILY_1299,1,1,0,1
FAMILY_1300,2,2,0,3
FAMILY_1301,2,2,0,1
FAMILY_1302,1,1,0,1
FAMILY_1303,1,1,0,1
FAMILY_1304,1,1,0,1
FAMILY_1305,1,1,0,1
FAMILY_1306,1,1,0,1
FAMILY_1307,2,2,0,1
FAMILY_1308,1,1,0,1
FAMILY_1309,1,1,0,1
FAMILY_1310,2,2,0,1
FAMILY_1311,1,1,0,1
FAMILY_1312,1,1,0,1
FAMILY_1313,1,1,0,1
FAMILY_1314,1,1,0,1
FAMILY_1315,1,1,0,1
FAMILY_1316,2,2,0,1
FAMILY_1317,1,1,0,1
FAMILY_1318,1,1,0,1
FAMILY_1319,1,1,0,1
FAMILY_1320,1,1,0,1
FAMILY_1321,1,1,0,1
FAMILY_1322,1,1,0,1
FAMILY_1323,1,1,0,1
FAMILY_1324,1,1,0,1
FAMILY_1325,1,1,0,1
FAMILY_1326,1,1,0,1
FAMILY_1327,1,1,0,1
FAMILY_1328,1,1,0,1
FAMILY_1329,1,1,0,1
FAMILY_1330,2,2,0,1
FAMILY_1331,1,1,0,1
FAMILY_1332,1,1,0,1
FAMILY_1333,1,1,0,1
FAMILY_1334,2,2,0,1
FAMILY_1335,1,1,0,1
FAMILY_1336,1,1,0,1
FAMILY_1337,1,1,0,1
FAMILY_1338,1,1,0,1
FAMILY_1339,1,1,0,1
FAMILY_1340,1,1,0,1
FAMILY_1341,1,1,0,1
FAMILY_1342,1,1,0,1
FAMILY_1343,1,1,0,1
FAMILY_1344,1,1,0,1
FAMILY_1345,2,2,0,1
FAMILY_1346,1,1,0,1
FAMILY_1347,1,1,0,1
FAMILY_1348,1,1,0,1
FAMILY_1349,1,1,0,1
FAMILY_1350,1,1,0,1
FAMILY_1351,1,1,0,1
FAMILY_1352,1,1,0,1
FAMILY_1353,1,1,0,1
FAMILY_1354,1,1,0,1
FAMILY_1355,1,1,0,1
FAMILY_1356,1,1,0,1
FAMILY_1357,1,1,0,1
FAMILY_1358,2,2,0,1
FAMILY_1359,1,1,0,1
FAMILY_1360,1,1,0,1
FAMILY_1361,1,1,0,1
FAMILY_1362,1,1,0,1
FAMILY_1363,1,1,0,1
FAMILY_1364,1,1,0,1
FAMILY_1365,1,1,0,1
FAMILY_1366,1,1,0,1
FAMILY_1367,1,1,0,1
FAMILY_1368,1,1,0,1
FAMILY_1369,1,1,0,1
FAMILY_1370,1,1,0,1
FAMILY_1371,1,1,0,1
FAMILY_1372,1,1,0,1
FAMILY_1373,1,1,0,1
FAMILY_1374,1,1,0,1
FAMILY_1375,1,1,0,1
FAMILY_1376,1,1,0,1
FAMILY_1377,1,1,0,1
FAMILY_1378,2,2,0,1
FAMILY_1379,2,2,0,2
FAMILY_1380,3,3,0,1
FAMILY_1381,1,1,0,1
FAMILY_1382,1,1,0,3
FAMILY_1383,1,1,0,1
FAMILY_1384,1,1,0,1
FAMILY_1385,1,1,0,1
FAMILY_1386,1,1,0,1
FAMILY_1387,2,2,0,1
FAMILY_1388,2,2,0,1
FAMILY_1389,1,1,0,1
FAMILY_1390,1,1,0,1
FAMILY_1391,2,2,0,1
FAMILY_1392,1,1,0,1
FAMILY_1393,1,1,0,1
FAMILY_1394,1,1,0,1
FAMILY_1395,2,2,0,1
FAMILY_1396,1,1,0,1
FAMILY_1397,1,1,0,1
FAMILY_1398,1,1,0,1
FAMILY_1399,1,1,0,1
FAMILY_1400,1,1,0,1
FAMILY_1401,1,1,0,1
FAMILY_1402,1,1,0,1
FAMILY_1403,1,1,0,1
FAMILY_1404,2,2,0,1
FAMILY_1405,1,1,0,1
FAMILY_1406,1,1,0,1
FAMILY_1407,1,1,0,1
FAMILY_1408,1,1,0,1
FAMILY_1409,1,1,0,1
FAMILY_1410,1,1,0,1
FAMILY_1411,1,1,0,1
FAMILY_1412,1,1,0,1
FAMILY_1413,1,1,0,1
FAMILY_1414,1,1,0,1
FAMILY_1415,1,1,0,1
FAMILY_1416,1,1,0,1
FAMILY_1417,1,1,0,1
FAMILY_1418,1,1,0,1
FAMILY_1419,1,1,0,1
FAMILY_1420,1,1,0,1
FAMILY_1421,1,1,0,1
FAMILY_1422,1,1,0,1
FAMILY_1423,1,1,0,1
FAMILY_1424,1,1,0,1
FAMILY_1425,1,1,0,1
FAMILY_1426,1,1,0,1
FAMILY_1427,1,1,0,1
FAMILY_1428,1,1,0,1
FAMILY_1429,1,1,0,1
FAMILY_1430,1,1,0,1
FAMILY_1431,1,1,0,1
FAMILY_1432,1,1,0,1
FAMILY_1433,1,1,0,1
FAMILY_1434,1,1,0,1
FAMILY_1435,1,1,0,1
FAMILY_1436,1,1,0,1
FAMILY_1437,2,2,0,1
FAMILY_1438,1,1,0,1
FAMILY_1439,1,1,0,1
FAMILY_1440,1,1,0,1
FAMILY_1441,2,2,0,1
FAMILY_1442,4,4,0,1
FAMILY_1443,1,1,0,1
FAMILY_1444,1,1,0,1
FAMILY_1445,1,1,0,1
FAMILY_1446,1,1,0,1
FAMILY_1447,1,1,0,1
FAMILY_1448,2,2,0,1
FAMILY_1449,1,1,0,1
FAMILY_1450,1,1,0,1
FAMILY_1451,1,1,0,1
FAMILY_1452,1,1,0,1
FAMILY_1453,1,1,0,1
FAMILY_1454,1,1,0,1
FAMILY_1455,1,1,0,1
FAMILY_1456,1,1,0,1
FAMILY_1457,1,1,0,1
FAMILY_1458,2,2,0,1
FAMILY_1459,1,1,0,1
FAMILY_1460,1,1,0,1
FAMILY_1461,1,1,0,1
FAMILY_1462,1,1,0,1
FAMILY_1463,1,1,0,1
FAMILY_1464,1,1,0,1
FAMILY_1465,2,2,0,1
FAMILY_1466,1,1,0,1
FAMILY_1467,1,1,0,1
FAMILY_1468,2,2,0,1
FAMILY_1469,1,1,0,1
FAMILY_1470,1,1,0,1
FAMILY_1471,1,1,0,1
FAMILY_1472,1,1,0,1
FAMILY_1473,1,1,0,1
FAMILY_1474,1,1,0,1
FAMILY_1475,1,1,0,1
FAMILY_1476,1,1,0,1
FAMILY_1477,2,2,0,1
FAMILY_1478,1,1,0,1
FAMILY_1479,1,1,0,1
FAMILY_1480,1,1,0,1
FAMILY_1481,1,1,0,1
FAMILY_1482,3,3,0,1
FAMILY_1483,1,1,0,1
FAMILY_1484,1,1,0,1
FAMILY_1485,1,1,0,1
FAMILY_1486,1,1,0,1
FAMILY_1487,1,1,0,1
FAMILY_1488,1,1,0,1
FAMILY_1489,1,1,0,1
FAMILY_1490,1,1,0,1
FAMILY_1491,1,1,0,1
FAMILY_1492,1,1,0,1
FAMILY_1493,1,1,0,1
FAMILY_1494,1,1,0,1
FAMILY_1495,1,1,0,1
FAMILY_1496,1,1,0,1
FAMILY_1497,1,1,0,1
FAMILY_1498,1,1,0,1
FAMILY_1499,1,1,0,1
FAMILY_1500,1,1,0,1
FAMILY_1501,1,1,0,1
FAMILY_1502,1,1,0,1
FAMILY_1503,3,3,0,3
FAMILY_1504,1,1,0,1
FAMILY_1505,1,1,0,1
FAMILY_1506,1,1,0,1
FAMILY_1507,1,1,0,1
FAMILY_1508,1,1,0,1
FAMILY_1509,1,1,0,1
FAMILY_1510,3,3,0,1
FAMILY_1511,1,1,0,1
FAMILY_1512,1,1,0,1
FAMILY_1513,1,1,0,1
FAMILY_1514,1,1,0,1
FAMILY_1515,2,2,0,1
FAMILY_1516,1,1,0,1
FAMILY_1517,1,1,0,1
FAMILY_1518,1,1,0,1
FAMILY_1519,1,1,0,1
FAMILY_1520,1,1,0,1
FAMILY_1521,1,1,0,1
FAMILY_1522,1,1,0,1
FAMILY_1523,3,3,0,1
FAMILY_1524,1,1,0,1
FAMILY_1525,1,1,0,1
FAMILY_1526,1,1,0,1
FAMILY_1527,1,1,0,1
FAMILY_1528,1,1,0,1
FAMILY_1529,1,1,0,1
FAMILY_1530,1,1,0,1
FAMILY_1531,4,4,0,1
FAMILY_1532,2,2,0,1
FAMILY_1533,1,1,0,1
FAMILY_1534,1,1,0,1
FAMILY_1535,1,1,0,1
FAMILY_1536,1,1,0,1
FAMILY_1537,1,1,0,1
FAMILY_1538,2,2,0,1
FAMILY_1539,1,1,0,1
FAMILY_1540,1,1,0,1
FAMILY_1541,1,1,0,1
FAMILY_1542,1,1,0,1
FAMILY_1543,2,2,0,1
FAMILY_1544,1,1,0,1
FAMILY_1545,1,1,0,1
FAMILY_1546,1,1,0,1
FAMILY_1547,1,1,0,1
FAMILY_1548,1,1,0,1
FAMILY_1549,1,1,0,1
FAMILY_1550,1,1,0,1
FAMILY_1551,1,1,0,1
FAMILY_1552,1,1,0,1
FAMILY_1553,1,1,0,1
FAMILY_1554,1,1,0,1
FAMILY_1555,1,1,0,1
FAMILY_1556,1,1,0,1
FAMILY_1557,1,1,0,1
FAMILY_1558,1,1,0,1
FAMILY_1559,1,1,0,1
FAMILY_1560,1,1,0,1
FAMILY_1561,1,1,0,1
FAMILY_1562,2,2,0,1
FAMILY_1563,1,1,0,1
FAMILY_1564,1,1,0,1
FAMILY_1565,1,1,0,1
FAMILY_1566,1,1,0,1
FAMILY_1567,1,1,0,1
FAMILY_1568,2,2,0,1
FAMILY_1569,1,1,0,1
FAMILY_1570,2,2,0,1
FAMILY_1571,5,5,0,1
FAMILY_1572,1,1,0,1
FAMILY_1573,1,1,0,1
FAMILY_1574,1,1,0,1
FAMILY_1575,1,1,0,1
FAMILY_1576,1,1,0,1
FAMILY_1577,2,2,0,1
FAMILY_1578,1,1,0,1
FAMILY_1579,1,1,0,1
FAMILY_1580,1,1,0,1
FAMILY_1581,1,1,0,1
FAMILY_1582,3,3,0,1
FAMILY_1583,1,1,0,1
FAMILY_1584,1,1,0,1
FAMILY_1585,2,2,0,1
FAMILY_1586,1,1,0,1
FAMILY_1587,1,1,0,1
FAMILY_1588,1,1,0,1
FAMILY_1589,1,1,0,1
FAMILY_1590,1,1,0,2
FAMILY_1591,1,1,0,1
FAMILY_1592,1,1,0,1
FAMILY_1593,1,1,0,1
FAMILY_1594,1,1,0,1
FAMILY_1595,1,1,0,1
FAMILY_1596,2,2,0,1
FAMILY_1597,1,1,0,1
FAMILY_1598,1,1,0,1
FAMILY_1599,1,1,0,1
FAMILY_1600,1,1,0,1
FAMILY_1601,1,1,0,2
FAMILY_1602,1,1,0,1
FAMILY_1603,1,1,0,1
FAMILY_1604,1,1,0,1
FAMILY_1605,1,1,0,1
FAMILY_1606,1,1,0,1
FAMILY_1607,1,1,0,1
FAMILY_1608,1,1,0,1
FAMILY_1609,1,1,0,1
FAMILY_1610,1,1,0,1
FAMILY_1611,1,1,0,1
FAMILY_1612,1,1,0,1
FAMILY_1613,1,1,0,1
FAMILY_1614,1,1,0,1
FAMILY_1615,1,1,0,1
FAMILY_1616,1,1,0,1
FAMILY_1617,1,1,0,1
FAMILY_1618,2,2,0,1
FAMILY_1619,1,1,0,1
FAMILY_1620,2,2,0,1
FAMILY_1621,1,1,0,1
FAMILY_1622,1,1,0,1
FAMILY_1623,1,1,0,3
FAMILY_1624,1,1,0,1
FAMILY_1625,1,1,0,1
FAMILY_1626,1,1,0,1
FAMILY_1627,1,1,0,1
FAMILY_1628,2,2,0,1
FAMILY_1629,1,1,0,1
FAMILY_1630,1,1,0,1
FAMILY_1631,1,1,0,1
FAMILY_1632,1,1,0,1
FAMILY_1633,1,1,0,1
FAMILY_1634,1,1,0,1
FAMILY_1635,1,1,0,1
FAMILY_1636,4,4,0,1
FAMILY_1637,4,4,0,1
FAMILY_1638,1,1,0,1
FAMILY_1639,1,1,0,1
FAMILY_1640,2,2,0,1
FAMILY_1641,1,1,0,1
FAMILY_1642,1,1,0,1
FAMILY_1643,1,1,0,1
FAMILY_1644,1,1,0,1
FAMILY_1645,1,1,0,1
FAMILY_1646,1,1,0,1
FAMILY_1647,1,1,0,1
FAMILY_1648,3,3,0,1
FAMILY_1649,1,1,0,1
FAMILY_1650,1,1,0,1
FAMILY_1651,1,1,0,1
FAMILY_1652,1,1,0,1
FAMILY_1653,2,2,0,1
FAMILY_1654,1,1,0,1
FAMILY_1655,1,1,0,1
FAMILY_1656,2,2,0,1
FAMILY_1657,1,1,0,1
FAMILY_1658,2,2,0,1
FAMILY_1659,1,1,0,1
FAMILY_1660,2,2,0,1
FAMILY_1661,1,1,0,1
FAMILY_1662,1,1,0,1
FAMILY_1663,1,1,0,1
FAMILY_1664,1,1,0,1
FAMILY_1665,2,2,0,1
FAMILY_1666,2,2,0,1
FAMILY_1667,1,1,0,1
FAMILY_1668,1,1,0,1
FAMILY_1669,1,1,0,1
FAMILY_1670,1,1,0,1
FAMILY_1671,1,1,0,1
FAMILY_1672,1,1,0,1
FAMILY_1673,1,1,0,1
FAMILY_1674,1,1,0,1
FAMILY_1675,1,1,0,1
FAMILY_1676,1,1,0,1
FAMILY_1677,1,1,0,1
FAMILY_1678,1,1,0,1
FAMILY_1679,1,1,0,1
FAMILY_1680,1,1,0,1
FAMILY_1681,1,1,0,1
FAMILY_1682,1,1,0,1
FAMILY_1683,1,1,0,1
FAMILY_1684,1,1,0,1
FAMILY_1685,1,1,0,1
FAMILY_1686,1,1,0,1
FAMILY_1687,1,1,0,1
FAMILY_1688,1,1,0,1
FAMILY_1689,1,1,0,1
FAMILY_1690,1,1,0,2
FAMILY_1691,1,1,0,1
FAMILY_1692,1,1,0,1
FAMILY_1693,1,1,0,1
FAMILY_1694,1,1,0,1
FAMILY_1695,1,1,0,1
FAMILY_1696,1,1,0,1
FAMILY_1697,1,1,0,1
FAMILY_1698,1,1,0,1
FAMILY_1699,1,1,0,1
FAMILY_1700,1,1,0,1
FAMILY_1701,1,1,0,1
FAMILY_1702,1,1,0,1
FAMILY_1703,1,1,0,1
FAMILY_1704,1,1,0,1
FAMILY_1705,1,1,0,1
FAMILY_1706,1,1,0,1
FAMILY_1707,1,1,0,1
FAMILY_1708,1,1,0,1
FAMILY_1709,1,1,0,1
FAMILY_1710,1,1,0,1
FAMILY_1711,1,1,0,1
FAMILY_1712,1,1,0,1
FAMILY_1713,1,1,0,1
FAMILY_1714,1,1,0,1
FAMILY_1715,1,1,0,1
FAMILY_1716,2,2,0,1
FAMILY_1717,2,2,0,1
FAMILY_1718,1,1,0,1
FAMILY_1719,1,1,0,1
FAMILY_1720,1,1,0,1
FAMILY_1721,2,2,0,1
FAMILY_1722,1,1,0,1
FAMILY_1723,1,1,0,1
FAMILY_1724,4,4,0,1
FAMILY_1725,1,1,0,1
FAMILY_1726,1,1,0,1
FAMILY_1727,1,1,0,1
FAMILY_1728,1,1,0,1
FAMILY_1729,2,2,0,1
FAMILY_1730,1,1,0,1
FAMILY_1731,1,1,0,1
FAMILY_1732,1,1,0,1
FAMILY_1733,2,2,0,1
FAMILY_1734,2,2,0,3
FAMILY_1735,1,1,0,1
FAMILY_1736,1,1,0,1
FAMILY_1737,1,1,0,1
FAMILY_1738,1,1,0,1
FAMILY_1739,1,1,0,1
FAMILY_1740,1,1,0,1
FAMILY_1741,3,3,0,1
FAMILY_1742,1,1,0,1
FAMILY_1743,1,1,0,1
FAMILY_1744,1,1,0,1
FAMILY_1745,1,1,0,1
FAMILY_1746,1,1,0,1
FAMILY_1747,1,1,0,1
FAMILY_1748,1,1,0,1
FAMILY_1749,1,1,0,1
FAMILY_1750,1,1,0,1
FAMILY_1751,2,2,0,1
FAMILY_1752,1,1,0,1
FAMILY_1753,1,1,0,1
FAMILY_1754,3,3,0,1
FAMILY_1755,2,2,0,1
FAMILY_1756,1,1,0,1
FAMILY_1757,1,1,0,1
FAMILY_1758,1,1,0,1
FAMILY_1759,1,1,0,1
FAMILY_1760,1,1,0,1
FAMILY_1761,1,1,0,1
FAMILY_1762,1,1,0,1
FAMILY_1763,1,1,0,1
FAMILY_1764,1,1,0,1
FAMILY_1765,2,2,0,1
FAMILY_1766,2,2,0,1
FAMILY_1767,1,1,0,1
FAMILY_1768,1,1,0,1
FAMILY_1769,1,1,0,1
FAMILY_1770,1,1,0,1
FAMILY_1771,2,2,0,1
FAMILY_1772,1,1,0,1
FAMILY_1773,1,1,0,1
FAMILY_1774,1,1,0,1
FAMILY_1775,1,1,0,1
FAMILY_1776,2,2,0,1
FAMILY_1777,1,1,0,1
FAMILY_1778,1,1,0,1
FAMILY_1779,1,1,0,1
FAMILY_1780,1,1,0,1
FAMILY_1781,3,3,0,3
FAMILY_1782,3,3,0,3
FAMILY_1783,1,1,0,1
FAMILY_1784,1,1,0,1
FAMILY_1785,2,2,0,1
FAMILY_1786,1,1,0,1
FAMILY_1787,1,1,0,1
FAMILY_1788,1,1,0,1
FAMILY_1789,1,1,0,1
FAMILY_1790,1,1,0,1
FAMILY_1791,1,1,0,1
FAMILY_1792,1,1,0,1
FAMILY_1793,1,1,0,1
FAMILY_1794,1,1,0,1
FAMILY_1795,1,1,0,1
FAMILY_1796,1,1,0,1
FAMILY_1797,1,1,0,1
FAMILY_1798,1,1,0,1
FAMILY_1799,1,1,0,1
FAMILY_1800,1,1,0,1
FAMILY_1801,1,1,0,1
FAMILY_1802,1,1,0,1
FAMILY_1803,2,2,0,1
FAMILY_1804,1,1,0,1
FAMILY_1805,2,2,0,1
FAMILY_1806,1,1,0,1
FAMILY_1807,1,1,0,1
FAMILY_1808,2,2,0,1
FAMILY_1809,1,1,0,1
FAMILY_1810,3,3,0,1
FAMILY_1811,1,1,0,1
FAMILY_1812,1,1,0,1
FAMILY_1813,1,1,0,1
FAMILY_1814,1,1,0,1
FAMILY_1815,1,1,0,1
FAMILY_1816,1,1,0,1
FAMILY_1817,1,1,0,1
FAMILY_1818,1,1,0,1
FAMILY_1819,1,1,0,1
FAMILY_1820,1,1,0,1
FAMILY_1821,1,1,0,1
FAMILY_1822,3,3,0,1
FAMILY_1823,1,1,0,1
FAMILY_1824,5,5,0,1
FAMILY_1825,1,1,0,1
FAMILY_1826,2,2,0,1
FAMILY_1827,1,1,0,1
FAMILY_1828,1,1,0,1
FAMILY_1829,1,1,0,1
FAMILY_1830,1,1,0,1
FAMILY_1831,1,1,0,1
FAMILY_1832,3,3,0,1
FAMILY_1833,1,1,0,1
FAMILY_1834,1,1,0,1
FAMILY_1835,1,1,0,1
FAMILY_1836,1,1,0,1
FAMILY_1837,2,2,0,1
FAMILY_1838,2,2,0,1
FAMILY_1839,1,1,0,1
FAMILY_1840,1,1,0,1
FAMILY_1841,1,1,0,1
FAMILY_1842,2,2,0,1
FAMILY_1843,7,7,0,1
FAMILY_1844,1,1,0,1
FAMILY_1845,2,2,0,1
FAMILY_1846,1,1,0,1
FAMILY_1847,1,1,0,1
FAMILY_1848,1,1,0,1
FAMILY_1849,1,1,0,1
FAMILY_1850,1,1,0,1
FAMILY_1851,1,1,0,1
FAMILY_1852,1,1,0,1
FAMILY_1853,1,1,0,1
FAMILY_1854,1,1,0,1
FAMILY_1855,2,2,0,1
FAMILY_1856,1,1,0,1
FAMILY_1857,1,1,0,1
FAMILY_1858,1,1,0,1
FAMILY_1859,2,2,0,1
FAMILY_1860,1,1,0,1
FAMILY_1861,1,1,0,1
FAMILY_1862,1,1,0,1
FAMILY_1863,1,1,0,1
FAMILY_1864,1,1,0,1
FAMILY_1865,1,1,0,1
FAMILY_1866,1,1,0,1
FAMILY_1867,1,1,0,1
FAMILY_1868,1,1,0,1
FAMILY_1869,1,1,0,1
FAMILY_1870,1,1,0,1
FAMILY_1871,1,1,0,1
FAMILY_1872,2,2,0,2
FAMILY_1873,1,1,0,1
FAMILY_1874,1,1,0,1
FAMILY_1875,1,1,0,1
FAMILY_1876,1,1,0,1
FAMILY_1877,1,1,0,1
FAMILY_1878,1,1,0,1
FAMILY_1879,2,2,0,1
FAMILY_1880,1,1,0,1
FAMILY_1881,1,1,0,1
FAMILY_1882,2,2,0,1
FAMILY_1883,1,1,0,1
FAMILY_1884,2,2,0,1
FAMILY_1885,1,1,0,1
FAMILY_1886,1,1,0,1
FAMILY_1887,1,1,0,1
FAMILY_1888,1,1,0,1
FAMILY_1889,1,1,0,1
FAMILY_1890,1,1,0,1
FAMILY_1891,1,1,0,1
FAMILY_1892,1,1,0,1
FAMILY_1893,2,2,0,1
FAMILY_1894,1,1,0,1
FAMILY_1895,1,1,0,1
FAMILY_1896,1,1,0,1
FAMILY_1897,1,1,0,1
FAMILY_1898,3,3,0,1
FAMILY_1899,1,1,0,1
FAMILY_1900,1,1,0,1
FAMILY_1901,1,1,0,1
FAMILY_1902,1,1,0,1
FAMILY_1903,1,1,0,1
FAMILY_1904,2,2,0,1
FAMILY_1905,1,1,0,1
FAMILY_1906,2,2,0,1
FAMILY_1907,1,1,0,1
FAMILY_1908,1,1,0,1
FAMILY_1909,1,1,0,1
FAMILY_1910,1,1,0,1
FAMILY_1911,1,1,0,1
FAMILY_1912,1,1,0,1
FAMILY_1913,1,1,0,1
FAMILY_1914,3,3,0,1
FAMILY_1915,1,1,0,1
FAMILY_1916,1,1,0,1
FAMILY_1917,1,1,0,1
FAMILY_1918,1,1,0,1
FAMILY_1919,1,1,0,1
FAMILY_1920,1,1,0,1
FAMILY_1921,1,1,0,1
FAMILY_1922,1,1,0,1
FAMILY_1923,3,3,0,1
FAMILY_1924,1,1,0,3
FAMILY_1925,1,1,0,1
FAMILY_1926,1,1,0,1
FAMILY_1927,1,1,0,1
FAMILY_1928,1,1,0,1
FAMILY_1929,1,1,0,1
FAMILY_1930,1,1,0,1
FAMILY_1931,1,1,0,1
FAMILY_1932,1,1,0,1
FAMILY_1933,1,1,0,1
FAMILY_1934,1,1,0,1
FAMILY_1935,1,1,0,1
FAMILY_1936,1,1,0,1
FAMILY_1937,3,3,0,1
FAMILY_1938,2,2,0,1
FAMILY_1939,2,2,0,1
FAMILY_1940,1,1,0,1
FAMILY_1941,2,2,0,1
FAMILY_1942,1,1,0,1
FAMILY_1943,1,1,0,1
FAMILY_1944,1,1,0,1
FAMILY_1945,1,1,0,1
FAMILY_1946,1,1,0,1
FAMILY_1947,1,1,0,1
FAMILY_1948,2,2,0,1
FAMILY_1949,1,1,0,1
FAMILY_1950,1,1,0,1
FAMILY_1951,3,3,0,4
FAMILY_1952,1,1,0,1
FAMILY_1953,1,1,0,1
FAMILY_1954,1,1,0,1
FAMILY_1955,1,1,0,1
FAMILY_1956,1,1,0,1
FAMILY_1957,1,1,0,1
FAMILY_1958,1,1,0,1
FAMILY_1959,1,1,0,1
FAMILY_1960,1,1,0,1
FAMILY_1961,1,1,0,1
FAMILY_1962,1,1,0,1
FAMILY_1963,1,1,0,1
FAMILY_1964,1,1,0,1
FAMILY_1965,1,1,0,1
FAMILY_1966,2,2,0,1
FAMILY_1967,2,2,0,1
FAMILY_1968,1,1,0,1
FAMILY_1969,1,1,0,1
FAMILY_1970,1,1,0,1
FAMILY_1971,1,1,0,1
FAMILY_1972,2,2,0,1
FAMILY_1973,2,2,0,2
FAMILY_1974,1,1,0,1
FAMILY_1975,1,1,0,1
FAMILY_1976,3,3,0,1
FAMILY_1977,1,1,0,1
FAMILY_1978,1,1,0,1
FAMILY_1979,1,1,0,1
FAMILY_1980,1,1,0,1
FAMILY_1981,1,1,0,1
FAMILY_1982,1,1,0,1
FAMILY_1983,3,3,0,3
FAMILY_1984,1,1,0,1
FAMILY_1985,1,1,0,2
FAMILY_1986,1,1,0,1
FAMILY_1987,3,3,0,1
FAMILY_1988,1,1,0,1
FAMILY_1989,1,1,0,1
FAMILY_1990,1,1,0,1
FAMILY_1991,2,2,0,1
FAMILY_1992,1,1,0,1
FAMILY_1993,2,2,0,1
FAMILY_1994,2,2,0,1
FAMILY_1995,1,1,0,1
FAMILY_1996,1,1,0,1
FAMILY_1997,2,2,0,1
FAMILY_1998,1,1,0,1
FAMILY_1999,2,2,0,1
FAMILY_2000,2,2,0,1
FAMILY_2001,1,1,0,1
FAMILY_2002,1,1,0,1
FAMILY_2003,1,1,0,1
FAMILY_2004,1,1,0,1
FAMILY_2005,2,2,0,1
FAMILY_2006,1,1,0,1
FAMILY_2007,1,1,0,1
FAMILY_2008,1,1,0,1
FAMILY_2009,2,2,0,1
FAMILY_2010,1,1,0,1
FAMILY_2011,1,1,0,1
FAMILY_2012,1,1,0,1
FAMILY_2013,1,1,0,1
FAMILY_2014,1,1,0,1
FAMILY_2015,1,1,0,1
FAMILY_2016,1,1,0,1
FAMILY_2017,1,1,0,1
FAMILY_2018,1,1,0,1
FAMILY_2019,1,1,0,1
FAMILY_2020,1,1,0,1
FAMILY_2021,1,1,0,1
FAMILY_2022,2,2,0,1
FAMILY_2023,2,2,0,1
FAMILY_2024,1,1,0,1
FAMILY_2025,1,1,0,1
FAMILY_2026,1,1,0,1
FAMILY_2027,1,1,0,1
FAMILY_2028,1,1,0,1
FAMILY_2029,1,1,0,1
FAMILY_2030,1,1,0,1
FAMILY_2031,1,1,0,1
FAMILY_2032,1,1,0,1
FAMILY_2033,1,1,0,1
FAMILY_2034,1,1,0,1
FAMILY_2035,1,1,0,1
FAMILY_2036,1,1,0,1
FAMILY_2037,1,1,0,1
FAMILY_2038,1,1,0,1
FAMILY_2039,10,10,0,2
FAMILY_2040,1,1,0,1
FAMILY_2041,1,1,0,1
FAMILY_2042,1,1,0,1
FAMILY_2043,1,1,0,1
FAMILY_2044,1,1,0,1
FAMILY_2045,1,1,0,1
FAMILY_2046,1,1,0,1
FAMILY_2047,1,1,0,1
FAMILY_2048,2,2,0,1
FAMILY_2049,1,1,0,1
FAMILY_2050,1,1,0,1
FAMILY_2051,1,1,0,1
FAMILY_2052,1,1,0,1
FAMILY_2053,1,1,0,1
FAMILY_2054,1,1,0,1
FAMILY_2055,2,2,0,1
FAMILY_2056,1,1,0,1
FAMILY_2057,2,2,0,1
FAMILY_2058,1,1,0,1
FAMILY_2059,1,1,0,1
FAMILY_2060,2,2,0,1
FAMILY_2061,1,1,0,1
FAMILY_2062,1,1,0,1
FAMILY_2063,1,1,0,1
FAMILY_2064,1,1,0,1
FAMILY_2065,1,1,0,1
FAMILY_2066,1,1,0,1
FAMILY_2067,1,1,0,1
FAMILY_2068,1,1,0,1
FAMILY_2069,2,2,0,1
FAMILY_2070,1,1,0,1
FAMILY_2071,1,1,0,1
FAMILY_2072,1,1,0,1
FAMILY_2073,1,1,0,1
FAMILY_2074,1,1,0,1
FAMILY_2075,1,1,0,1
FAMILY_2076,1,1,0,1
FAMILY_2077,1,1,0,1
FAMILY_2078,1,1,0,1
FAMILY_2079,3,3,0,1
FAMILY_2080,1,1,0,1
FAMILY_2081,1,1,0,1
FAMILY_2082,1,1,0,1
FAMILY_2083,1,1,0,1
FAMILY_2084,1,1,0,1
FAMILY_2085,1,1,0,1
FAMILY_2086,1,1,0,1
FAMILY_2087,1,1,0,1
FAMILY_2088,2,2,0,1
FAMILY_2089,1,1,0,1
FAMILY_2090,1,1,0,1
FAMILY_2091,1,1,0,1
FAMILY_2092,1,1,0,1
FAMILY_2093,5,5,0,1
FAMILY_2094,1,1,0,1
FAMILY_2095,1,1,0,1
FAMILY_2096,2,2,0,1
FAMILY_2097,1,1,0,1
FAMILY_2098,1,1,0,1
FAMILY_2099,3,3,0,1
FAMILY_2100,1,1,0,1
FAMILY_2101,1,1,0,1
FAMILY_2102,1,1,0,1
FAMILY_2103,2,2,0,1
FAMILY_2104,2,2,0,1
FAMILY_2105,1,1,0,1
FAMILY_2106,3,3,0,1
FAMILY_2107,1,1,0,1
FAMILY_2108,1,1,0,1
FAMILY_2109,1,1,0,1
FAMILY_2110,1,1,0,1
FAMILY_2111,1,1,0,1
FAMILY_2112,1,1,0,1
FAMILY_2113,3,3,0,1
FAMILY_2114,1,1,0,1
FAMILY_2115,2,2,0,1
FAMILY_2116,1,1,0,1
FAMILY_2117,2,2,0,1
FAMILY_2118,3,3,0,1
FAMILY_2119,1,1,0,1
FAMILY_2120,1,1,0,1
FAMILY_2121,1,1,0,1
FAMILY_2122,1,1,0,1
FAMILY_2123,1,1,0,1
FAMILY_2124,1,1,0,1
FAMILY_2125,1,1,0,1
FAMILY_2126,2,2,0,1
FAMILY_2127,1,1,0,1
FAMILY_2128,3,3,0,1
FAMILY_2129,1,1,0,1
FAMILY_2130,2,2,0,1
FAMILY_2131,1,1,0,1
FAMILY_2132,1,1,0,1
FAMILY_2133,1,1,0,1
FAMILY_2134,1,1,0,1
FAMILY_2135,1,1,0,1
FAMILY_2136,1,1,0,1
FAMILY_2137,1,1,0,1
FAMILY_2138,1,1,0,1
FAMILY_2139,1,1,0,1
FAMILY_2140,1,1,0,1
FAMILY_2141,1,1,0,1
FAMILY_2142,1,1,0,1
FAMILY_2143,2,2,0,1
FAMILY_2144,1,1,0,1
FAMILY_2145,1,1,0,1
FAMILY_2146,1,1,0,1
FAMILY_2147,1,1,0,1
FAMILY_2148,1,1,0,1
FAMILY_2149,1,1,0,1
FAMILY_2150,1,1,0,1
FAMILY_2151,2,2,0,1
FAMILY_2152,1,1,0,1
FAMILY_2153,3,3,0,1
FAMILY_2154,3,3,0,1
FAMILY_2155,1,1,0,1
FAMILY_2156,1,1,0,1
FAMILY_2157,5,5,0,1
FAMILY_2158,1,1,0,1
FAMILY_2159,1,1,0,1
FAMILY_2160,2,2,0,1
FAMILY_2161,1,1,0,1
FAMILY_2162,1,1,0,1
FAMILY_2163,1,1,0,1
FAMILY_2164,1,1,0,1
FAMILY_2165,1,1,0,1
FAMILY_2166,2,2,0,1
FAMILY_2167,1,1,0,1
FAMILY_2168,1,1,0,1
FAMILY_2169,1,1,0,1
FAMILY_2170,1,1,0,1
FAMILY_2171,1,1,0,1
FAMILY_2172,1,1,0,1
FAMILY_2173,1,1,0,1
FAMILY_2174,1,1,0,1
FAMILY_2175,1,1,0,1
FAMILY_2176,1,1,0,1
FAMILY_2177,2,2,0,1
FAMILY_2178,1,1,0,1
FAMILY_2179,1,1,0,1
FAMILY_2180,1,1,0,1
FAMILY_2181,1,1,0,1
FAMILY_2182,1,1,0,1
FAMILY_2183,1,1,0,1
FAMILY_2184,1,1,0,1
FAMILY_2185,1,1,0,1
FAMILY_2186,1,1,0,1
FAMILY_2187,1,1,0,1
FAMILY_2188,2,2,0,1
FAMILY_2189,1,1,0,1
FAMILY_2190,1,1,0,1
FAMILY_2191,1,1,0,1
FAMILY_2192,1,1,0,1
FAMILY_2193,1,1,0,1
FAMILY_2194,2,2,0,1
FAMILY_2195,1,1,0,1
FAMILY_2196,2,2,0,1
FAMILY_2197,1,1,0,1
FAMILY_2198,1,1,0,1
FAMILY_2199,1,1,0,1
FAMILY_2200,1,1,0,1
FAMILY_2201,3,3,0,1
FAMILY_2202,1,1,0,1
FAMILY_2203,1,1,0,1
FAMILY_2204,1,1,0,1
FAMILY_2205,1,1,0,1
FAMILY_2206,1,1,0,1
FAMILY_2207,1,1,0,1
FAMILY_2208,1,1,0,1
FAMILY_2209,1,1,0,1
FAMILY_2210,1,1,0,1
FAMILY_2211,4,4,0,1
FAMILY_2212,1,1,0,1
FAMILY_2213,1,1,0,1
FAMILY_2214,1,1,0,1
FAMILY_2215,1,1,0,1
FAMILY_2216,1,1,0,1
FAMILY_2217,1,1,0,1
FAMILY_2218,1,1,0,1
FAMILY_2219,1,1,0,1
FAMILY_2220,2,2,0,1
FAMILY_2221,1,1,0,1
FAMILY_2222,1,1,0,1
FAMILY_2223,1,1,0,1
FAMILY_2224,1,1,0,1
FAMILY_2225,2,2,0,1
FAMILY_2226,1,1,0,1
FAMILY_2227,1,1,0,1
FAMILY_2228,1,1,0,1
FAMILY_2229,1,1,0,1
FAMILY_2230,1,1,0,1
FAMILY_2231,2,2,0,1
FAMILY_2232,1,1,0,1
FAMILY_2233,1,1,0,1
FAMILY_2234,1,1,0,1
FAMILY_2235,1,1,0,1
FAMILY_2236,1,1,0,1
FAMILY_2237,1,1,0,1
FAMILY_2238,1,1,0,1
FAMILY_2239,1,1,0,1
FAMILY_2240,1,1,0,1
FAMILY_2241,1,1,0,1
FAMILY_2242,1,1,0,1
FAMILY_2243,1,1,0,1
FAMILY_2244,1,1,0,1
FAMILY_2245,1,1,0,1
FAMILY_2246,1,1,0,1
FAMILY_2247,1,1,0,1
FAMILY_2248,1,1,0,1
FAMILY_2249,1,1,0,1
FAMILY_2250,1,1,0,1
FAMILY_2251,1,1,0,1
FAMILY_2252,1,1,0,1
FAMILY_2253,2,2,0,1
FAMILY_2254,1,1,0,1
FAMILY_2255,1,1,0,1
FAMILY_2256,1,1,0,1
FAMILY_2257,1,1,0,1
FAMILY_2258,1,1,0,1
FAMILY_2259,1,1,0,1
FAMILY_2260,1,1,0,1
FAMILY_2261,1,1,0,1
FAMILY_2262,1,1,0,1
FAMILY_2263,1,1,0,1
FAMILY_2264,1,1,0,1
FAMILY_2265,1,1,0,1
FAMILY_2266,1,1,0,1
FAMILY_2267,1,1,0,1
FAMILY_2268,1,1,0,1
FAMILY_2269,1,1,0,1
FAMILY_2270,1,1,0,1
FAMILY_2271,1,1,0,1
FAMILY_2272,1,1,0,1
FAMILY_2273,1,1,0,1
FAMILY_2274,1,1,0,1
FAMILY_2275,1,1,0,1
FAMILY_2276,1,1,0,1
FAMILY_2277,1,1,0,1
FAMILY_2278,1,1,0,1
FAMILY_2279,1,1,0,1
FAMILY_2280,1,1,0,1
FAMILY_2281,1,1,0,1
FAMILY_2282,1,1,0,1
FAMILY_2283,1,1,0,1
FAMILY_2284,1,1,0,1
FAMILY_2285,1,1,0,1
FAMILY_2286,1,1,0,1
FAMILY_2287,1,1,0,1
FAMILY_2288,1,1,0,1
FAMILY_2289,1,1,0,1
FAMILY_2290,1,1,0,1
FAMILY_2291,1,1,0,1
FAMILY_2292,1,1,0,1
FAMILY_2293,1,1,0,1
FAMILY_2294,1,1,0,1
FAMILY_2295,1,1,0,1
FAMILY_2296,1,1,0,1
FAMILY_2297,2,2,0,1
FAMILY_2298,1,1,0,1
FAMILY_2299,2,2,0,1
FAMILY_2300,1,1,0,1
FAMILY_2301,1,1,0,1
FAMILY_2302,1,1,0,1
FAMILY_2303,2,2,0,1
FAMILY_2304,1,1,0,1
FAMILY_2305,1,1,0,1
FAMILY_2306,1,1,0,1
FAMILY_2307,2,2,0,1
FAMILY_2308,1,1,0,1
FAMILY_2309,1,1,0,1
FAMILY_2310,1,1,0,1
FAMILY_2311,1,1,0,1
FAMILY_2312,2,2,0,1
FAMILY_2313,1,1,0,1
FAMILY_2314,1,1,0,1
FAMILY_2315,1,1,0,1
FAMILY_2316,1,1,0,1
FAMILY_2317,1,1,0,1
FAMILY_2318,1,1,0,1
FAMILY_2319,1,1,0,1
FAMILY_2320,1,1,0,1
FAMILY_2321,1,1,0,1
FAMILY_2322,1,1,0,1
FAMILY_2323,2,2,0,1
FAMILY_2324,1,1,0,1
FAMILY_2325,1,1,0,1
FAMILY_2326,1,1,0,1
FAMILY_2327,1,1,0,1
FAMILY_2328,1,1,0,1
FAMILY_2329,1,1,0,1
FAMILY_2330,3,3,0,1
FAMILY_2331,1,1,0,1
FAMILY_2332,1,1,0,1
FAMILY_2333,3,3,0,1
FAMILY_2334,2,2,0,1
FAMILY_2335,1,1,0,1
FAMILY_2336,2,2,0,1
FAMILY_2337,1,1,0,1
FAMILY_2338,1,1,0,1
FAMILY_2339,1,1,0,1
FAMILY_2340,1,1,0,1
FAMILY_2341,1,1,0,1
FAMILY_2342,2,2,0,1
FAMILY_2343,1,1,0,1
FAMILY_2344,2,2,0,1
FAMILY_2345,3,3,0,1
FAMILY_2346,1,1,0,1
FAMILY_2347,1,1,0,1
FAMILY_2348,2,2,0,1
FAMILY_2349,2,2,0,1
FAMILY_2350,1,1,0,1
FAMILY_2351,1,1,0,1
FAMILY_2352,1,1,0,1
FAMILY_2353,1,1,0,1
FAMILY_2354,1,1,0,1
FAMILY_2355,1,1,0,1
FAMILY_2356,1,1,0,1
FAMILY_2357,1,1,0,1
FAMILY_2358,1,1,0,1
FAMILY_2359,1,1,0,1
FAMILY_2360,1,1,0,1
FAMILY_2361,1,1,0,1
FAMILY_2362,1,1,0,1
FAMILY_2363,1,1,0,1
FAMILY_2364,1,1,0,1
FAMILY_2365,1,1,0,1
FAMILY_2366,1,1,0,1
FAMILY_2367,1,1,0,1
FAMILY_2368,1,1,0,1
FAMILY_2369,1,1,0,1
FAMILY_2370,1,1,0,1
FAMILY_2371,1,1,0,1
FAMILY_2372,1,1,0,1
FAMILY_2373,1,1,0,1
FAMILY_2374,1,1,0,1
FAMILY_2375,1,1,0,1
FAMILY_2376,1,1,0,1
FAMILY_2377,1,1,0,1
FAMILY_2378,1,1,0,1
FAMILY_2379,1,1,0,1
FAMILY_2380,1,1,0,1
FAMILY_2381,1,1,0,1
FAMILY_2382,1,1,0,1
FAMILY_2383,1,1,0,1
FAMILY_2384,1,1,0,1
FAMILY_2385,1,1,0,1
FAMILY_2386,1,1,0,1
FAMILY_2387,1,1,0,1
FAMILY_2388,1,1,0,1
FAMILY_2389,1,1,0,1
FAMILY_2390,1,1,0,1
FAMILY_2391,1,1,0,1
FAMILY_2392,1,1,0,1
FAMILY_2393,1,1,0,1
FAMILY_2394,1,1,0,1
FAMILY_2395,1,1,0,1
FAMILY_2396,3,3,0,1
FAMILY_2397,1,1,0,1
FAMILY_2398,1,1,0,1
FAMILY_2399,1,1,0,1
FAMILY_2400,1,1,0,1
FAMILY_2401,1,1,0,1
FAMILY_2402,1,1,0,1
FAMILY_2403,1,1,0,1
FAMILY_2404,1,1,0,1
FAMILY_2405,1,1,0,1
FAMILY_2406,1,1,0,1
FAMILY_2407,1,1,0,1
FAMILY_2408,1,1,0,1
FAMILY_2409,1,1,0,1
FAMILY_2410,1,1,0,1
FAMILY_2411,1,1,0,1
FAMILY_2412,4,4,0,1
FAMILY_2413,1,1,0,1
FAMILY_2414,1,1,0,1
FAMILY_2415,1,1,0,1
FAMILY_2416,2,2,0,1
FAMILY_2417,1,1,0,1
FAMILY_2418,1,1,0,1
FAMILY_2419,2,2,0,1
FAMILY_2420,1,1,0,1
FAMILY_2421,2,2,0,1
FAMILY_2422,1,1,0,1
FAMILY_2423,1,1,0,1
FAMILY_2424,1,1,0,1
FAMILY_2425,2,2,0,1
FAMILY_2426,1,1,0,1
FAMILY_2427,1,1,0,1
FAMILY_2428,1,1,0,1
FAMILY_2429,1,1,0,1
FAMILY_2430,2,2,0,1
FAMILY_2431,1,1,0,1
FAMILY_2432,1,1,0,1
FAMILY_2433,1,1,0,1
FAMILY_2434,1,1,0,1
FAMILY_2435,1,1,0,1
FAMILY_2436,2,2,0,1
FAMILY_2437,1,1,0,1
FAMILY_2438,1,1,0,1
FAMILY_2439,1,1,0,1
FAMILY_2440,1,1,0,1
FAMILY_2441,1,1,0,1
FAMILY_2442,1,1,0,1
FAMILY_2443,2,2,0,1
FAMILY_2444,1,1,0,1
FAMILY_2445,2,2,0,1
FAMILY_2446,1,1,0,1
FAMILY_2447,1,1,0,1
FAMILY_2448,1,1,0,1
FAMILY_2449,2,2,0,1
FAMILY_2450,1,1,0,1
FAMILY_2451,1,1,0,1
FAMILY_2452,1,1,0,1
FAMILY_2453,1,1,0,1
FAMILY_2454,1,1,0,1
FAMILY_2455,1,1,0,1
FAMILY_2456,1,1,0,1
FAMILY_2457,2,2,0,1
FAMILY_2458,1,1,0,1
FAMILY_2459,2,2,0,1
FAMILY_2460,1,1,0,1
FAMILY_2461,1,1,0,1
FAMILY_2462,1,1,0,1
FAMILY_2463,1,1,0,1
FAMILY_2464,1,1,0,1
FAMILY_2465,1,1,0,1
FAMILY_2466,2,2,0,1
FAMILY_2467,2,2,0,1
FAMILY_2468,1,1,0,1
FAMILY_2469,1,1,0,1
FAMILY_2470,1,1,0,1
FAMILY_2471,1,1,0,1
FAMILY_2472,1,1,0,1
FAMILY_2473,1,1,0,1
FAMILY_2474,1,1,0,1
FAMILY_2475,1,1,0,1
FAMILY_2476,1,1,0,1
FAMILY_2477,3,3,0,1
FAMILY_2478,1,1,0,1
FAMILY_2479,1,1,0,1
FAMILY_2480,1,1,0,1
FAMILY_2481,2,2,0,1
FAMILY_2482,1,1,0,1
FAMILY_2483,1,1,0,1
FAMILY_2484,1,1,0,1
FAMILY_2485,2,2,0,1
FAMILY_2486,1,1,0,1
FAMILY_2487,1,1,0,1
FAMILY_2488,1,1,0,1
FAMILY_2489,3,3,0,3
FAMILY_2490,1,1,0,1
FAMILY_2491,1,1,0,1
FAMILY_2492,1,1,0,1
FAMILY_2493,1,1,0,1
FAMILY_2494,1,1,0,1
FAMILY_2495,1,1,0,1
FAMILY_2496,1,1,0,1
FAMILY_2497,1,1,0,1
FAMILY_2498,1,1,0,1
FAMILY_2499,1,1,0,1
FAMILY_2500,1,1,0,1
FAMILY_2501,1,1,0,1
FAMILY_2502,1,1,0,1
FAMILY_2503,2,2,0,1
FAMILY_2504,1,1,0,1
FAMILY_2505,1,1,0,1
FAMILY_2506,1,1,0,1
FAMILY_2507,1,1,0,1
FAMILY_2508,1,1,0,1
FAMILY_2509,1,1,0,1
FAMILY_2510,1,1,0,1
FAMILY_2511,1,1,0,1
FAMILY_2512,1,1,0,1
FAMILY_2513,1,1,0,1
FAMILY_2514,1,1,0,1
FAMILY_2515,1,1,0,1
FAMILY_2516,1,1,0,1
FAMILY_2517,1,1,0,1
FAMILY_2518,1,1,0,1
FAMILY_2519,1,1,0,1
FAMILY_2520,1,1,0,1
FAMILY_2521,1,1,0,1
FAMILY_2522,1,1,0,1
FAMILY_2523,1,1,0,1
FAMILY_2524,1,1,0,1
FAMILY_2525,2,2,0,1
FAMILY_2526,1,1,0,1
FAMILY_2527,1,1,0,1
FAMILY_2528,2,2,0,1
FAMILY_2529,1,1,0,1
FAMILY_2530,3,3,0,1
FAMILY_2531,1,1,0,1
FAMILY_2532,1,1,0,1
FAMILY_2533,1,1,0,1
FAMILY_2534,2,2,0,1
FAMILY_2535,1,1,0,1
FAMILY_2536,2,2,0,1
FAMILY_2537,1,1,0,1
FAMILY_2538,2,2,0,1
FAMILY_2539,1,1,0,1
FAMILY_2540,2,2,0,1
FAMILY_2541,3,3,0,1
FAMILY_2542,2,2,0,1
FAMILY_2543,3,3,0,1
FAMILY_2544,1,1,0,1
FAMILY_2545,1,1,0,1
FAMILY_2546,1,1,0,1
FAMILY_2547,1,1,0,1
FAMILY_2548,1,1,0,1
FAMILY_2549,1,1,0,1
FAMILY_2550,1,1,0,1
FAMILY_2551,1,1,0,1
FAMILY_2552,1,1,0,1
FAMILY_2553,1,1,0,1
FAMILY_2554,1,1,0,1
FAMILY_2555,1,1,0,1
FAMILY_2556,1,1,0,1
FAMILY_2557,1,1,0,1
FAMILY_2558,1,1,0,1
FAMILY_2559,1,1,0,1
FAMILY_2560,1,1,0,1
FAMILY_2561,1,1,0,1
FAMILY_2562,1,1,0,1
FAMILY_2563,2,2,0,1
FAMILY_2564,1,1,0,1
FAMILY_2565,3,3,0,3
FAMILY_2566,2,2,0,1
FAMILY_2567,1,1,0,1
FAMILY_2568,1,1,0,1
FAMILY_2569,1,1,0,1
FAMILY_2570,3,3,0,1
FAMILY_2571,1,1,0,1
FAMILY_2572,1,1,0,1
FAMILY_2573,1,1,0,1
FAMILY_2574,1,1,0,1
FAMILY_2575,1,1,0,1
FAMILY_2576,2,2,0,1
FAMILY_2577,1,1,0,1
FAMILY_2578,1,1,0,1
FAMILY_2579,1,1,0,1
FAMILY_2580,1,1,0,1
FAMILY_2581,1,1,0,1
FAMILY_2582,1,1,0,1
FAMILY_2583,1,1,0,1
FAMILY_2584,1,1,0,1
FAMILY_2585,1,1,0,1
FAMILY_2586,1,1,0,1
FAMILY_2587,1,1,0,1
FAMILY_2588,1,1,0,1
FAMILY_2589,1,1,0,1
FAMILY_2590,1,1,0,1
FAMILY_2591,1,1,0,1
FAMILY_2592,1,1,0,1
FAMILY_2593,1,1,0,1
FAMILY_2594,1,1,0,1
FAMILY_2595,1,1,0,1
FAMILY_2596,1,1,0,1
FAMILY_2597,1,1,0,1
FAMILY_2598,1,1,0,1
FAMILY_2599,1,1,0,1
FAMILY_2600,1,1,0,1
FAMILY_2601,1,1,0,1
FAMILY_2602,1,1,0,1
FAMILY_2603,1,1,0,1
FAMILY_2604,1,1,0,1
FAMILY_2605,1,1,0,1
FAMILY_2606,1,1,0,1
FAMILY_2607,1,1,0,1
FAMILY_2608,1,1,0,1
FAMILY_2609,1,1,0,1
FAMILY_2610,1,1,0,1
FAMILY_2611,1,1,0,1
FAMILY_2612,1,1,0,1
FAMILY_2613,1,1,0,1
FAMILY_2614,1,1,0,1
FAMILY_2615,1,1,0,1
FAMILY_2616,1,1,0,1
FAMILY_2617,1,1,0,1
FAMILY_2618,1,1,0,1
FAMILY_2619,1,1,0,1
FAMILY_2620,1,1,0,1
FAMILY_2621,1,1,0,1
FAMILY_2622,1,1,0,1
FAMILY_2623,1,1,0,1
FAMILY_2624,2,2,0,1
FAMILY_2625,1,1,0,1
FAMILY_2626,1,1,0,1
FAMILY_2627,1,1,0,1
FAMILY_2628,4,4,0,1
FAMILY_2629,2,2,0,1
FAMILY_2630,1,1,0,1
FAMILY_2631,2,2,0,1
FAMILY_2632,1,1,0,1
FAMILY_2633,1,1,0,1
FAMILY_2634,1,1,0,1
FAMILY_2635,1,1,0,1
FAMILY_2636,1,1,0,1
FAMILY_2637,1,1,0,1
FAMILY_2638,1,1,0,1
FAMILY_2639,1,1,0,1
FAMILY_2640,1,1,0,1
FAMILY_2641,1,1,0,1
FAMILY_2642,1,1,0,1
FAMILY_2643,1,1,0,1
FAMILY_2644,1,1,0,1
FAMILY_2645,1,1,0,1
FAMILY_2646,1,1,0,1
FAMILY_2647,1,1,0,1
FAMILY_2648,1,1,0,1
FAMILY_2649,1,1,0,1
FAMILY_2650,1,1,0,1
FAMILY_2651,1,1,0,1
FAMILY_2652,1,1,0,1
FAMILY_2653,1,1,0,1
FAMILY_2654,1,1,0,1
FAMILY_2655,1,1,0,1
FAMILY_2656,1,1,0,1
FAMILY_2657,1,1,0,1
FAMILY_2658,3,3,0,1
FAMILY_2659,1,1,0,1
FAMILY_2660,1,1,0,1
FAMILY_2661,1,1,0,1
FAMILY_2662,1,1,0,1
FAMILY_2663,1,1,0,1
FAMILY_2664,1,1,0,1
FAMILY_2665,1,1,0,1
FAMILY_2666,2,2,0,1
FAMILY_2667,1,1,0,1
FAMILY_2668,1,1,0,1
FAMILY_2669,1,1,0,1
FAMILY_2670,1,1,0,1
FAMILY_2671,1,1,0,1
FAMILY_2672,1,1,0,1
FAMILY_2673,1,1,0,1
FAMILY_2674,1,1,0,1
FAMILY_2675,1,1,0,1
FAMILY_2676,1,1,0,1
FAMILY_2677,1,1,0,1
FAMILY_2678,1,1,0,1
FAMILY_2679,1,1,0,1
FAMILY_2680,1,1,0,1
FAMILY_2681,1,1,0,1
FAMILY_2682,1,1,0,1
FAMILY_2683,1,1,0,1
FAMILY_2684,1,1,0,1
FAMILY_2685,1,1,0,1
FAMILY_2686,2,2,0,1
FAMILY_2687,1,1,0,1
FAMILY_2688,2,2,0,1
FAMILY_2689,1,1,0,1
FAMILY_2690,2,2,0,1
FAMILY_2691,1,1,0,1
FAMILY_2692,1,1,0,1
FAMILY_2693,2,2,0,1
FAMILY_2694,1,1,0,1
FAMILY_2695,1,1,0,1
FAMILY_2696,1,1,0,1
FAMILY_2697,1,1,0,1
FAMILY_2698,1,1,0,1
FAMILY_2699,1,1,0,1
FAMILY_2700,1,1,0,1
FAMILY_2701,1,1,0,1
FAMILY_2702,1,1,0,1
FAMILY_2703,1,1,0,1
FAMILY_2704,3,3,0,1
FAMILY_2705,1,1,0,1
FAMILY_2706,1,1,0,1
FAMILY_2707,1,1,0,1
FAMILY_2708,1,1,0,1
FAMILY_2709,2,2,0,1
FAMILY_2710,1,1,0,1
FAMILY_2711,1,1,0,1
FAMILY_2712,1,1,0,1
FAMILY_2713,1,1,0,1
FAMILY_2714,1,1,0,1
FAMILY_2715,1,1,0,1
FAMILY_2716,1,1,0,1
FAMILY_2717,1,1,0,1
FAMILY_2718,1,1,0,1
FAMILY_2719,1,1,0,1
FAMILY_2720,1,1,0,1
FAMILY_2721,1,1,0,1
FAMILY_2722,1,1,0,1
FAMILY_2723,2,2,0,1
FAMILY_2724,1,1,0,1
FAMILY_2725,3,3,0,1
FAMILY_2726,1,1,0,1
FAMILY_2727,1,1,0,1
FAMILY_2728,1,1,0,1
FAMILY_2729,1,1,0,1
FAMILY_2730,1,1,0,1
FAMILY_2731,2,2,0,1
FAMILY_2732,1,1,0,1
FAMILY_2733,2,2,0,1
FAMILY_2734,1,1,0,1
FAMILY_2735,1,1,0,1
FAMILY_2736,1,1,0,1
FAMILY_2737,1,1,0,1
FAMILY_2738,1,1,0,1
FAMILY_2739,1,1,0,1
FAMILY_2740,1,1,0,1
FAMILY_2741,1,1,0,1
FAMILY_2742,1,1,0,1
FAMILY_2743,1,1,0,1
FAMILY_2744,1,1,0,1
FAMILY_2745,1,1,0,1
FAMILY_2746,1,1,0,1
FAMILY_2747,1,1,0,1
FAMILY_2748,1,1,0,1
FAMILY_2749,1,1,0,1
FAMILY_2750,1,1,0,1
FAMILY_2751,1,1,0,1
FAMILY_2752,1,1,0,1
FAMILY_2753,1,1,0,1
FAMILY_2754,1,1,0,1
FAMILY_2755,3,3,0,1
FAMILY_2756,4,4,0,1
FAMILY_2757,1,1,0,1
FAMILY_2758,1,1,0,1
FAMILY_2759,1,1,0,1
FAMILY_2760,1,1,0,1
FAMILY_2761,1,1,0,1
FAMILY_2762,2,2,0,1
FAMILY_2763,1,1,0,1
FAMILY_2764,1,1,0,1
FAMILY_2765,1,1,0,1
FAMILY_2766,1,1,0,1
FAMILY_2767,1,1,0,1
FAMILY_2768,1,1,0,1
FAMILY_2769,1,1,0,1
FAMILY_2770,1,1,0,1
FAMILY_2771,1,1,0,1
FAMILY_2772,1,1,0,1
FAMILY_2773,1,1,0,1
FAMILY_2774,2,2,0,1
FAMILY_2775,1,1,0,1
FAMILY_2776,1,1,0,1
FAMILY_2777,2,2,0,1
FAMILY_2778,1,1,0,1
FAMILY_2779,1,1,0,1
FAMILY_2780,1,1,0,1
FAMILY_2781,1,1,0,1
FAMILY_2782,1,1,0,1
FAMILY_2783,1,1,0,1
FAMILY_2784,1,1,0,1
FAMILY_2785,1,1,0,1
FAMILY_2786,1,1,0,1
FAMILY_2787,2,2,0,1
FAMILY_2788,1,1,0,1
FAMILY_2789,1,1,0,1
FAMILY_2790,1,1,0,1
FAMILY_2791,1,1,0,1
FAMILY_2792,1,1,0,1
FAMILY_2793,1,1,0,1
FAMILY_2794,1,1,0,1
FAMILY_2795,1,1,0,1
FAMILY_2796,2,2,0,1
FAMILY_2797,2,2,0,1
FAMILY_2798,1,1,0,1
FAMILY_2799,2,2,0,1
FAMILY_2800,1,1,0,1
FAMILY_2801,1,1,0,1
FAMILY_2802,1,1,0,1
FAMILY_2803,1,1,0,1
FAMILY_2804,1,1,0,1
FAMILY_2805,1,1,0,1
FAMILY_2806,1,1,0,1
FAMILY_2807,1,1,0,1
FAMILY_2808,1,1,0,1
FAMILY_2809,1,1,0,1
FAMILY_2810,1,1,0,1
FAMILY_2811,1,1,0,1
FAMILY_2812,1,1,0,1
FAMILY_2813,1,1,0,1
FAMILY_2814,1,1,0,1
FAMILY_2815,2,2,0,1
FAMILY_2816,3,3,0,1
FAMILY_2817,1,1,0,1
FAMILY_2818,1,1,0,1
FAMILY_2819,2,2,0,1
FAMILY_2820,1,1,0,1
FAMILY_2821,1,1,0,1
FAMILY_2822,1,1,0,1
FAMILY_2823,5,5,0,4
FAMILY_2824,1,1,0,1
FAMILY_2825,2,2,0,3
FAMILY_2826,1,1,0,1
FAMILY_2827,1,1,0,1
FAMILY_2828,1,1,0,1
FAMILY_2829,1,1,0,1
FAMILY_2830,1,1,0,1
FAMILY_2831,1,1,0,1
FAMILY_2832,1,1,0,1
FAMILY_2833,1,1,0,1
FAMILY_2834,1,1,0,1
FAMILY_2835,1,1,0,1
FAMILY_2836,1,1,0,1
FAMILY_2837,1,1,0,1
FAMILY_2838,1,1,0,1
FAMILY_2839,1,1,0,1
FAMILY_2840,1,1,0,1
FAMILY_2841,2,2,0,1
FAMILY_2842,1,1,0,1
FAMILY_2843,1,1,0,1
FAMILY_2844,1,1,0,1
FAMILY_2845,1,1,0,1
FAMILY_2846,1,1,0,1
FAMILY_2847,1,1,0,1
FAMILY_2848,2,2,0,1
FAMILY_2849,1,1,0,1
FAMILY_2850,1,1,0,1
FAMILY_2851,1,1,0,1
FAMILY_2852,1,1,0,1
FAMILY_2853,1,1,0,1
FAMILY_2854,1,1,0,1
FAMILY_2855,1,1,0,1
FAMILY_2856,1,1,0,1
FAMILY_2857,1,1,0,1
FAMILY_2858,1,1,0,1
FAMILY_2859,1,1,0,1
FAMILY_2860,1,1,0,1
FAMILY_2861,1,1,0,1
FAMILY_2862,1,1,0,1
FAMILY_2863,1,1,0,1
FAMILY_2864,1,1,0,1
FAMILY_2865,1,1,0,1
FAMILY_2866,1,1,0,1
FAMILY_2867,1,1,0,1
FAMILY_2868,1,1,0,1
FAMILY_2869,1,1,0,1
FAMILY_2870,1,1,0,1
FAMILY_2871,1,1,0,1
FAMILY_2872,2,2,0,1
FAMILY_2873,1,1,0,1
FAMILY_2874,1,1,0,1
FAMILY_2875,1,1,0,1
FAMILY_2876,1,1,0,1
FAMILY_2877,1,1,0,1
FAMILY_2878,1,1,0,1
FAMILY_2879,1,1,0,1
FAMILY_2880,1,1,0,1
FAMILY_2881,1,1,0,1
FAMILY_2882,1,1,0,1
FAMILY_2883,1,1,0,1
FAMILY_2884,1,1,0,1
FAMILY_2885,1,1,0,1
FAMILY_2886,1,1,0,1
FAMILY_2887,1,1,0,1
FAMILY_2888,2,2,0,1
FAMILY_2889,1,1,0,1
FAMILY_2890,1,1,0,1
FAMILY_2891,1,1,0,1
FAMILY_2892,1,1,0,1
FAMILY_2893,1,1,0,1
FAMILY_2894,1,1,0,1
FAMILY_2895,1,1,0,1
FAMILY_2896,2,2,0,1
FAMILY_2897,1,1,0,1
FAMILY_2898,1,1,0,1
FAMILY_2899,2,2,0,1
FAMILY_2900,1,1,0,1
FAMILY_2901,1,1,0,1
FAMILY_2902,1,1,0,1
FAMILY_2903,2,2,0,1
FAMILY_2904,1,1,0,1
FAMILY_2905,1,1,0,1
FAMILY_2906,1,1,0,1
FAMILY_2907,1,1,0,1
FAMILY_2908,1,1,0,1
FAMILY_2909,3,3,0,3
FAMILY_2910,1,1,0,1
FAMILY_2911,1,1,0,1
FAMILY_2912,1,1,0,1
FAMILY_2913,2,2,0,3
FAMILY_2914,1,1,0,1
FAMILY_2915,1,1,0,1
FAMILY_2916,1,1,0,1
FAMILY_2917,5,5,0,3
FAMILY_2918,4,4,0,3
FAMILY_2919,1,1,0,1
FAMILY_2920,4,4,0,3
FAMILY_2921,3,3,0,1
FAMILY_2922,1,1,0,1
FAMILY_2923,1,1,0,1
FAMILY_2924,1,1,0,1
FAMILY_2925,1,1,0,1
FAMILY_2926,3,3,0,2
FAMILY_2927,7,7,0,4
FAMILY_2928,1,1,0,1
FAMILY_2929,1,1,0,1
FAMILY_2930,1,1,0,1
FAMILY_2931,1,1,0,1
FAMILY_2932,1,1,0,1
FAMILY_2933,1,1,0,1
FAMILY_2934,1,1,0,1
FAMILY_2935,1,1,0,1
FAMILY_2936,1,1,0,1
FAMILY_2937,1,1,0,1
FAMILY_2938,1,1,0,1
FAMILY_2939,1,1,0,1
FAMILY_2940,2,2,0,1
FAMILY_2941,1,1,0,1
FAMILY_2942,1,1,0,1
FAMILY_2943,1,1,0,1
FAMILY_2944,1,1,0,1
FAMILY_2945,2,2,0,2
FAMILY_2946,1,1,0,1
FAMILY_2947,0,0,0,0
FAMILY_2948,1,1,0,1
FAMILY_2949,1,1,0,1
FAMILY_2950,1,1,0,1
FAMILY_2951,0,0,0,0
FAMILY_2952,1,1,0,1
FAMILY_2953,1,1,0,1
FAMILY_2954,1,1,0,1
FAMILY_2955,0,0,0,0
FAMILY_2956,5,5,0,2
FAMILY_2957,1,1,0,1
FAMILY_2958,1,1,0,1
FAMILY_2959,1,1,0,1
FAMILY_2960,2,2,0,1
FAMILY_2961,1,1,0,1
FAMILY_2962,1,1,0,1
FAMILY_2963,1,1,0,1
FAMILY_2964,1,1,0,1
FAMILY_2965,1,1,0,1
FAMILY_2966,1,1,0,1
FAMILY_2967,1,1,0,1
FAMILY_2968,1,1,0,1
FAMILY_2969,5,5,0,2
FAMILY_2970,3,3,0,1
FAMILY_2971,2,2,0,1
FAMILY_2972,17,17,0,3
FAMILY_2973,4,4,0,1
FAMILY_2974,1,1,0,1
FAMILY_2975,4,4,0,1
FAMILY_2976,1,1,0,1
FAMILY_2977,1,1,0,1
FAMILY_2978,1,1,0,1
FAMILY_2979,3,3,0,2
FAMILY_2980,1,1,0,1
FAMILY_2981,1,1,0,1
FAMILY_2982,1,1,0,1
FAMILY_2983,1,1,0,1
FAMILY_2984,1,1,0,1
FAMILY_2985,1,1,0,1
FAMILY_2986,1,1,0,1
FAMILY_2987,1,1,0,1
FAMILY_2988,1,1,0,1
FAMILY_2989,1,1,0,1
FAMILY_2990,1,1,0,1
FAMILY_2991,1,1,0,1
FAMILY_2992,1,1,0,1
FAMILY_2993,1,1,0,1
FAMILY_2994,1,1,0,1
FAMILY_2995,1,1,0,1
FAMILY_2996,1,1,0,1
FAMILY_2997,1,1,0,1
FAMILY_2998,1,1,0,1
FAMILY_2999,1,1,0,1
FAMILY_3000,1,1,0,1
FAMILY_3001,1,1,0,1
FAMILY_3002,1,1,0,1
FAMILY_3003,1,1,0,1
FAMILY_3004,1,1,0,1
FAMILY_3005,1,1,0,1
FAMILY_3006,1,1,0,1
FAMILY_3007,1,1,0,1
FAMILY_3008,1,1,0,1
FAMILY_3009,1,1,0,1
FAMILY_3010,1,1,0,1
FAMILY_3011,1,1,0,1
FAMILY_3012,1,1,0,1
FAMILY_3013,1,1,0,1
FAMILY_3014,1,1,0,1
FAMILY_3015,4,4,0,2
FAMILY_3016,1,1,0,1
FAMILY_3017,6,6,0,1
FAMILY_3018,1,1,0,1
FAMILY_3019,1,1,0,1
FAMILY_3020,2,2,0,1
FAMILY_3021,1,1,0,1
FAMILY_3022,1,1,0,1
FAMILY_3023,3,3,0,1
FAMILY_3024,4,4,0,1
FAMILY_3025,3,3,0,1
FAMILY_3026,4,4,0,1
FAMILY_3027,1,1,0,1
FAMILY_3028,1,1,0,1
FAMILY_3029,1,1,0,1
FAMILY_3030,1,1,0,1
FAMILY_3031,6,6,0,1
FAMILY_3032,1,1,0,1
FAMILY_3033,1,1,0,1
FAMILY_3034,6,6,0,1
FAMILY_3035,1,1,0,1
FAMILY_3036,1,1,0,1
FAMILY_3037,4,4,0,1
FAMILY_3038,1,1,0,1
FAMILY_3039,1,1,0,1
FAMILY_3040,1,1,0,1
FAMILY_3041,6,6,0,1
FAMILY_3042,1,1,0,1
FAMILY_3043,1,1,0,1
FAMILY_3044,4,4,0,1
FAMILY_3045,1,1,0,1
FAMILY_3046,1,1,0,1
FAMILY_3047,1,1,0,1
FAMILY_3048,1,1,0,1
FAMILY_3049,2,2,0,1
FAMILY_3050,1,1,0,1
FAMILY_3051,1,1,0,1
FAMILY_3052,3,3,0,1
FAMILY_3053,1,1,0,1
FAMILY_3054,1,1,0,1
FAMILY_3055,1,1,0,1
FAMILY_3056,1,1,0,1
FAMILY_3057,1,1,0,1
FAMILY_3058,1,1,0,1
FAMILY_3059,6,6,0,1
FAMILY_3060,1,1,0,1
FAMILY_3061,1,1,0,1
FAMILY_3062,1,1,0,1
FAMILY_3063,8,8,0,2
FAMILY_3064,5,5,0,1
FAMILY_3065,1,1,0,1
FAMILY_3066,25,25,0,1
FAMILY_3067,1,1,0,1
FAMILY_3068,1,1,0,1
FAMILY_3069,1,1,0,1
FAMILY_3070,1,1,0,1
FAMILY_3071,1,1,0,1
FAMILY_3072,1,1,0,1
FAMILY_3073,2,2,0,1
FAMILY_3074,1,1,0,1
FAMILY_3075,39,39,0,4
FAMILY_3076,1,1,0,1
FAMILY_3077,1,1,0,1
FAMILY_3078,4,4,0,1
FAMILY_3079,1,1,0,1
FAMILY_3080,1,1,0,1
FAMILY_3081,1,1,0,1
FAMILY_3082,1,1,0,1
FAMILY_3083,1,1,0,1
FAMILY_3084,1,1,0,1
FAMILY_3085,2,2,0,1
FAMILY_3086,4,4,0,1
FAMILY_3087,1,1,0,1
FAMILY_3088,1,1,0,1
FAMILY_3089,1,1,0,1
FAMILY_3090,1,1,0,1
FAMILY_3091,1,1,0,1
FAMILY_3092,4,4,0,1
FAMILY_3093,1,1,0,1
FAMILY_3094,1,1,0,1
FAMILY_3095,1,1,0,1
FAMILY_3096,1,1,0,1
FAMILY_3097,6,6,0,1
FAMILY_3098,1,1,0,1
FAMILY_3099,1,1,0,1
FAMILY_3100,5,5,0,1
FAMILY_3101,1,1,0,1
FAMILY_3102,1,1,0,1
FAMILY_3103,2,2,0,1
FAMILY_3104,1,1,0,1
FAMILY_3105,1,1,0,1
FAMILY_3106,1,1,0,1
FAMILY_3107,5,5,0,1
FAMILY_3108,1,1,0,1
FAMILY_3109,1,1,0,1
FAMILY_3110,1,1,0,1
FAMILY_3111,1,1,0,1
FAMILY_3112,1,1,0,1
FAMILY_3113,6,6,0,1
FAMILY_3114,1,1,0,1
FAMILY_3115,1,1,0,1
FAMILY_3116,1,1,0,1
FAMILY_3117,11,11,0,1
FAMILY_3118,1,1,0,1
FAMILY_3119,1,1,0,1
FAMILY_3120,1,1,0,1
FAMILY_3121,1,1,0,1
FAMILY_3122,1,1,0,1
FAMILY_3123,9,9,0,1
FAMILY_3124,1,1,0,1
FAMILY_3125,1,1,0,1
FAMILY_3126,1,1,0,1
FAMILY_3127,1,1,0,1
FAMILY_3128,1,1,0,1
FAMILY_3129,3,3,0,2
FAMILY_3130,1,1,0,1
FAMILY_3131,1,1,0,1
FAMILY_3132,1,1,0,1
FAMILY_3133,2,2,0,1
FAMILY_3134,1,1,0,1
FAMILY_3135,1,1,0,1
FAMILY_3136,1,1,0,1
FAMILY_3137,1,1,0,1
FAMILY_3138,1,1,0,1
FAMILY_3139,1,1,0,1
FAMILY_3140,1,1,0,1
FAMILY_3141,4,4,0,1
FAMILY_3142,1,1,0,1
FAMILY_3143,3,3,0,1
FAMILY_3144,1,1,0,1
FAMILY_3145,1,1,0,1
FAMILY_3146,1,1,0,1
FAMILY_3147,1,1,0,1
FAMILY_3148,9,9,0,2
FAMILY_3149,1,1,0,1
FAMILY_3150,1,1,0,1
FAMILY_3151,1,1,0,1
FAMILY_3152,1,1,0,1
FAMILY_3153,1,1,0,1
FAMILY_3154,1,1,0,1
FAMILY_3155,2,2,0,1
FAMILY_3156,5,5,0,2
FAMILY_3157,1,1,0,1
FAMILY_3158,1,1,0,1
FAMILY_3159,1,1,0,1
FAMILY_3160,1,1,0,1
FAMILY_3161,6,6,0,1
FAMILY_3162,1,1,0,1
FAMILY_3163,1,1,0,1
FAMILY_3164,1,1,0,1
FAMILY_3165,1,1,0,1
FAMILY_3166,1,1,0,1
FAMILY_3167,1,1,0,1
FAMILY_3168,1,1,0,1
FAMILY_3169,1,1,0,1
FAMILY_3170,4,4,0,1
FAMILY_3171,1,1,0,1
FAMILY_3172,1,1,0,1
FAMILY_3173,1,1,0,1
FAMILY_3174,7,7,0,2
FAMILY_3175,1,1,0,1
FAMILY_3176,1,1,0,1
FAMILY_3177,13,13,0,4
FAMILY_3178,1,1,0,1
FAMILY_3179,1,1,0,1
FAMILY_3180,1,1,0,1
FAMILY_3181,1,1,0,1
FAMILY_3182,4,4,0,1
FAMILY_3183,1,1,0,1
FAMILY_3184,2,2,0,1
FAMILY_3185,1,1,0,1
FAMILY_3186,1,1,0,1
FAMILY_3187,1,1,0,1
FAMILY_3188,1,1,0,1
FAMILY_3189,1,1,0,1
FAMILY_3190,1,1,0,1
FAMILY_3191,6,6,0,2
FAMILY_3192,1,1,0,1
FAMILY_3193,1,1,0,1
FAMILY_3194,11,11,0,3
FAMILY_3195,1,1,0,1
FAMILY_3196,1,1,0,1
FAMILY_3197,1,1,0,1
FAMILY_3198,5,5,0,1
FAMILY_3199,1,1,0,1
FAMILY_3200,1,1,0,1
FAMILY_3201,1,1,0,1
FAMILY_3202,4,4,0,1
FAMILY_3203,1,1,0,1
FAMILY_3204,1,1,0,1
FAMILY_3205,1,1,0,1
FAMILY_3206,1,1,0,1
FAMILY_3207,1,1,0,1
FAMILY_3208,1,1,0,1
FAMILY_3209,7,7,0,2
FAMILY_3210,1,1,0,1
FAMILY_3211,2,2,0,1
FAMILY_3212,1,1,0,1
FAMILY_3213,6,6,0,1
FAMILY_3214,7,7,0,2
FAMILY_3215,1,1,0,1
FAMILY_3216,1,1,0,1
FAMILY_3217,1,1,0,1
FAMILY_3218,1,1,0,1
FAMILY_3219,1,1,0,1
FAMILY_3220,2,2,0,2
FAMILY_3221,4,4,0,1
FAMILY_3222,1,1,0,1
FAMILY_3223,1,1,0,1
FAMILY_3224,1,1,0,1
FAMILY_3225,1,1,0,1
FAMILY_3226,1,1,0,1
FAMILY_3227,1,1,0,1
FAMILY_3228,1,1,0,1
FAMILY_3229,2,2,0,1
FAMILY_3230,1,1,0,1
FAMILY_3231,2,2,0,1
FAMILY_3232,1,1,0,1
FAMILY_3233,1,1,0,1
FAMILY_3234,5,5,0,1
FAMILY_3235,1,1,0,1
FAMILY_3236,1,1,0,1
FAMILY_3237,5,5,0,1
FAMILY_3238,1,1,0,1
FAMILY_3239,1,1,0,1
FAMILY_3240,1,1,0,1
FAMILY_3241,1,1,0,1
FAMILY_3242,1,1,0,1
FAMILY_3243,1,1,0,1
FAMILY_3244,1,1,0,1
FAMILY_3245,1,1,0,1
FAMILY_3246,3,3,0,1
FAMILY_3247,1,1,0,1
FAMILY_3248,1,1,0,1
FAMILY_3249,1,1,0,1
FAMILY_3250,1,1,0,1
FAMILY_3251,1,1,0,1
FAMILY_3252,6,6,0,1
FAMILY_3253,1,1,0,1
FAMILY_3254,1,1,0,1
FAMILY_3255,1,1,0,1
FAMILY_3256,1,1,0,1
FAMILY_3257,1,1,0,1
FAMILY_3258,7,7,0,2
FAMILY_3259,1,1,0,1
FAMILY_3260,1,1,0,1
FAMILY_3261,1,1,0,1
FAMILY_3262,1,1,0,1
FAMILY_3263,146,146,0,3
FAMILY_3264,1,1,0,1
FAMILY_3265,1,1,0,1
FAMILY_3266,1,1,0,1
FAMILY_3267,3,3,0,1
FAMILY_3268,2,2,0,1
FAMILY_3269,1,1,0,1
FAMILY_3270,2,2,0,1
FAMILY_3271,3,3,0,1
FAMILY_3272,3,3,0,1
FAMILY_3273,3,3,0,1
FAMILY_3274,1,1,0,1
FAMILY_3275,1,1,0,1
FAMILY_3276,1,1,0,1
FAMILY_3277,1,1,0,1
FAMILY_3278,3,3,0,1
FAMILY_3279,1,1,0,1
FAMILY_3280,1,1,0,1
FAMILY_3281,1,1,0,1
FAMILY_3282,1,1,0,1
FAMILY_3283,2,2,0,1
FAMILY_3284,4,4,0,1
FAMILY_3285,2,2,0,1
FAMILY_3286,1,1,0,1
FAMILY_3287,2,2,0,1
FAMILY_3288,2,2,0,1
FAMILY_3289,1,1,0,1
FAMILY_3290,1,1,0,1
FAMILY_3291,1,1,0,1
FAMILY_3292,3,3,0,1
FAMILY_3293,2,2,0,1
FAMILY_3294,3,3,0,1
FAMILY_3295,2,2,0,1
FAMILY_3296,1,1,0,1
FAMILY_3297,2,2,0,1
FAMILY_3298,1,1,0,1
FAMILY_3299,3,3,0,1
FAMILY_3300,1,1,0,1
FAMILY_3301,1,1,0,1
FAMILY_3302,1,1,0,1
FAMILY_3303,3,3,0,1
FAMILY_3304,1,1,0,1
FAMILY_3305,1,1,0,1
FAMILY_3306,1,1,0,1
FAMILY_3307,2,2,0,1
FAMILY_3308,3,3,0,1
FAMILY_3309,1,1,0,1
FAMILY_3310,2,2,0,1
FAMILY_3311,2,2,0,1
FAMILY_3312,3,3,0,1
FAMILY_3313,3,3,0,1
FAMILY_3314,2,2,0,1
FAMILY_3315,2,2,0,1
FAMILY_3316,3,3,0,1
FAMILY_3317,2,2,0,1
FAMILY_3318,4,4,0,1
FAMILY_3319,2,2,0,1
FAMILY_3320,3,3,0,1
FAMILY_3321,2,2,0,1
FAMILY_3322,1,1,0,1
FAMILY_3323,2,2,0,1
FAMILY_3324,1,1,0,1
FAMILY_3325,5,5,0,1
FAMILY_3326,4,4,0,1
FAMILY_3327,1,1,0,1
FAMILY_3328,3,3,0,1
FAMILY_3329,1,1,0,1
FAMILY_3330,2,2,0,1
FAMILY_3331,1,1,0,1
FAMILY_3332,1,1,0,1
FAMILY_3333,1,1,0,1
FAMILY_3334,1,1,0,1
FAMILY_3335,2,2,0,1
FAMILY_3336,2,2,0,1
FAMILY_3337,3,3,0,1
FAMILY_3338,1,1,0,1
FAMILY_3339,2,2,0,1
FAMILY_3340,1,1,0,1
FAMILY_3341,2,2,0,1
FAMILY_3342,2,2,0,1
FAMILY_3343,1,1,0,1
FAMILY_3344,2,2,0,1
FAMILY_3345,1,1,0,1
FAMILY_3346,2,2,0,1
FAMILY_3347,3,3,0,1
FAMILY_3348,2,2,0,1
FAMILY_3349,4,4,0,1
FAMILY_3350,2,2,0,1
FAMILY_3351,2,2,0,1
FAMILY_3352,1,1,0,1
FAMILY_3353,1,1,0,1
FAMILY_3354,4,4,0,1
FAMILY_3355,3,3,0,1
FAMILY_3356,1,1,0,1
FAMILY_3357,3,3,0,1
FAMILY_3358,1,1,0,1
FAMILY_3359,4,4,0,1
FAMILY_3360,1,1,0,1
FAMILY_3361,2,2,0,1
FAMILY_3362,3,3,0,1
FAMILY_3363,1,1,0,1
FAMILY_3364,2,2,0,1
FAMILY_3365,2,2,0,1
FAMILY_3366,1,1,0,1
FAMILY_3367,2,2,0,1
FAMILY_3368,1,1,0,1
FAMILY_3369,1,1,0,1
FAMILY_3370,2,2,0,1
FAMILY_3371,4,4,0,1
FAMILY_3372,2,2,0,1
FAMILY_3373,3,3,0,1
FAMILY_3374,3,3,0,1
FAMILY_3375,1,1,0,1
FAMILY_3376,2,2,0,1
FAMILY_3377,2,2,0,1
FAMILY_3378,2,2,0,1
FAMILY_3379,3,3,0,1
FAMILY_3380,2,2,0,1
FAMILY_3381,1,1,0,1
FAMILY_3382,2,2,0,1
FAMILY_3383,1,1,0,1
FAMILY_3384,1,1,0,1
FAMILY_3385,1,1,0,1
FAMILY_3386,3,3,0,1
FAMILY_3387,2,2,0,1
FAMILY_3388,1,1,0,1
FAMILY_3389,1,1,0,1
FAMILY_3390,2,2,0,1
FAMILY_3391,2,2,0,1
FAMILY_3392,3,3,0,1
FAMILY_3393,3,3,0,1
FAMILY_3394,2,2,0,1
FAMILY_3395,1,1,0,1
FAMILY_3396,1,1,0,1
FAMILY_3397,2,2,0,1
FAMILY_3398,1,1,0,1
FAMILY_3399,3,3,0,1
FAMILY_3400,2,2,0,1
FAMILY_3401,3,3,0,1
FAMILY_3402,1,1,0,1
FAMILY_3403,2,2,0,1
FAMILY_3404,1,1,0,1
FAMILY_3405,1,1,0,1
FAMILY_3406,3,3,0,1
FAMILY_3407,1,1,0,1
FAMILY_3408,3,3,0,1
FAMILY_3409,2,2,0,1
FAMILY_3410,1,1,0,1
FAMILY_3411,3,3,0,1
FAMILY_3412,2,2,0,1
FAMILY_3413,1,1,0,1
FAMILY_3414,1,1,0,1
FAMILY_3415,1,1,0,1
FAMILY_3416,2,2,0,1
FAMILY_3417,1,1,0,1
FAMILY_3418,4,4,0,1
FAMILY_3419,4,4,0,1
FAMILY_3420,3,3,0,1
FAMILY_3421,3,3,0,1
FAMILY_3422,1,1,0,1
FAMILY_3423,2,2,0,1
FAMILY_3424,3,3,0,1
FAMILY_3425,3,3,0,1
FAMILY_3426,4,4,0,1
FAMILY_3427,3,3,0,1
FAMILY_3428,2,2,0,1
FAMILY_3429,2,2,0,2
FAMILY_3430,2,2,0,1
FAMILY_3431,4,4,0,1
FAMILY_3432,1,1,0,1
FAMILY_3433,2,2,0,1
FAMILY_3434,2,2,0,1
FAMILY_3435,1,1,0,1
FAMILY_3436,3,3,0,1
FAMILY_3437,5,5,0,1
FAMILY_3438,2,2,0,1
FAMILY_3439,1,1,0,1
FAMILY_3440,2,2,0,1
FAMILY_3441,3,3,0,1
FAMILY_3442,2,2,0,1
FAMILY_3443,1,1,0,1
FAMILY_3444,1,1,0,1
FAMILY_3445,1,1,0,1
FAMILY_3446,1,1,0,1
FAMILY_3447,1,1,0,1
FAMILY_3448,1,1,0,1
FAMILY_3449,1,1,0,1
FAMILY_3450,2,2,0,1
FAMILY_3451,1,1,0,1
FAMILY_3452,1,1,0,1
FAMILY_3453,2,2,0,1
FAMILY_3454,2,2,0,1
FAMILY_3455,2,2,0,1
FAMILY_3456,1,1,0,1
FAMILY_3457,3,3,0,1
FAMILY_3458,1,1,0,1
FAMILY_3459,1,1,0,1
FAMILY_3460,2,2,0,1
FAMILY_3461,1,1,0,1
FAMILY_3462,1,1,0,1
FAMILY_3463,2,2,0,1
FAMILY_3464,1,1,0,1
FAMILY_3465,1,1,0,1
FAMILY_3466,1,1,0,1
FAMILY_3467,1,1,0,1
FAMILY_3468,1,1,0,1
FAMILY_3469,1,1,0,1
FAMILY_3470,3,3,0,1
FAMILY_3471,1,1,0,1
FAMILY_3472,3,3,0,1
FAMILY_3473,2,2,0,1
FAMILY_3474,3,3,0,1
FAMILY_3475,2,2,0,1
FAMILY_3476,2,2,0,1
FAMILY_3477,2,2,0,1
FAMILY_3478,1,1,0,1
FAMILY_3479,2,2,0,1
FAMILY_3480,1,1,0,1
FAMILY_3481,1,1,0,1
FAMILY_3482,2,2,0,1
FAMILY_3483,2,2,0,1
FAMILY_3484,2,2,0,1
FAMILY_3485,1,1,0,1
FAMILY_3486,2,2,0,1
FAMILY_3487,3,3,0,1
FAMILY_3488,1,1,0,1
FAMILY_3489,5,5,0,1
FAMILY_3490,2,2,0,1
FAMILY_3491,1,1,0,1
FAMILY_3492,1,1,0,1
FAMILY_3493,1,1,0,1
FAMILY_3494,2,2,0,1
FAMILY_3495,2,2,0,1
FAMILY_3496,2,2,0,1
FAMILY_3497,1,1,0,1
FAMILY_3498,4,4,0,1
FAMILY_3499,3,3,0,1
FAMILY_3500,2,2,0,1
FAMILY_3501,2,2,0,1
FAMILY_3502,1,1,0,1
FAMILY_3503,2,2,0,1
FAMILY_3504,1,1,0,1
FAMILY_3505,1,1,0,1
FAMILY_3506,1,1,0,1
FAMILY_3507,2,2,0,1
FAMILY_3508,1,1,0,1
FAMILY_3509,2,2,0,1
FAMILY_3510,1,1,0,1
FAMILY_3511,2,2,0,1
FAMILY_3512,1,1,0,1
FAMILY_3513,5,5,0,1
FAMILY_3514,3,3,0,1
FAMILY_3515,1,1,0,1
FAMILY_3516,3,3,0,1
FAMILY_3517,3,3,0,1
FAMILY_3518,1,1,0,1
FAMILY_3519,3,3,0,1
FAMILY_3520,2,2,0,1
FAMILY_3521,2,2,0,1
FAMILY_3522,3,3,0,1
FAMILY_3523,3,3,0,1
FAMILY_3524,2,2,0,1
FAMILY_3525,2,2,0,1
FAMILY_3526,2,2,0,1
FAMILY_3527,1,1,0,1
FAMILY_3528,1,1,0,1
FAMILY_3529,1,1,0,1
FAMILY_3530,1,1,0,1
FAMILY_3531,2,2,0,1
FAMILY_3532,1,1,0,1
FAMILY_3533,2,2,0,1
FAMILY_3534,1,1,0,1
FAMILY_3535,4,4,0,1
FAMILY_3536,1,1,0,1
FAMILY_3537,3,3,0,1
FAMILY_3538,2,2,0,1
FAMILY_3539,4,4,0,1
FAMILY_3540,2,2,0,1
FAMILY_3541,2,2,0,1
FAMILY_3542,1,1,0,1
FAMILY_3543,4,4,0,1
FAMILY_3544,3,3,0,1
FAMILY_3545,1,1,0,1
FAMILY_3546,2,2,0,1
FAMILY_3547,3,3,0,1
FAMILY_3548,2,2,0,1
FAMILY_3549,3,3,0,1
FAMILY_3550,2,2,0,1
FAMILY_3551,1,1,0,1
FAMILY_3552,1,1,0,1
FAMILY_3553,4,4,0,1
FAMILY_3554,1,1,0,1
FAMILY_3555,3,3,0,1
FAMILY_3556,3,3,0,1
FAMILY_3557,2,2,0,1
FAMILY_3558,5,5,0,1
FAMILY_3559,3,3,0,1
FAMILY_3560,2,2,0,1
FAMILY_3561,1,1,0,1
FAMILY_3562,5,5,0,1
FAMILY_3563,1,1,0,1
FAMILY_3564,1,1,0,1
FAMILY_3565,3,3,0,1
FAMILY_3566,3,3,0,1
FAMILY_3567,5,5,0,1
FAMILY_3568,1,1,0,1
FAMILY_3569,4,4,0,1
FAMILY_3570,4,4,0,1
FAMILY_3571,1,1,0,1
FAMILY_3572,2,2,0,1
FAMILY_3573,3,3,0,1
FAMILY_3574,3,3,0,1
FAMILY_3575,1,1,0,1
FAMILY_3576,2,2,0,1
FAMILY_3577,3,3,0,1
FAMILY_3578,2,2,0,1
FAMILY_3579,1,1,0,1
FAMILY_3580,3,3,0,1
FAMILY_3581,2,2,0,1
FAMILY_3582,1,1,0,1
FAMILY_3583,1,1,0,1
FAMILY_3584,2,2,0,1
FAMILY_3585,2,2,0,1
FAMILY_3586,1,1,0,1
FAMILY_3587,1,1,0,1
FAMILY_3588,3,3,0,1
FAMILY_3589,4,4,0,1
FAMILY_3590,2,2,0,1
FAMILY_3591,3,3,0,1
FAMILY_3592,1,1,0,1
FAMILY_3593,1,1,0,1
FAMILY_3594,2,2,0,1
FAMILY_3595,1,1,0,1
FAMILY_3596,3,3,0,1
FAMILY_3597,5,5,0,1
FAMILY_3598,3,3,0,1
FAMILY_3599,1,1,0,1
FAMILY_3600,2,2,0,1
FAMILY_3601,4,4,0,1
FAMILY_3602,1,1,0,1
FAMILY_3603,1,1,0,1
FAMILY_3604,2,2,0,1
FAMILY_3605,3,3,0,1
FAMILY_3606,1,1,0,1
FAMILY_3607,1,1,0,1
FAMILY_3608,2,2,0,1
FAMILY_3609,1,1,0,1
FAMILY_3610,2,2,0,1
FAMILY_3611,1,1,0,1
FAMILY_3612,2,2,0,1
FAMILY_3613,1,1,0,1
FAMILY_3614,2,2,0,1
FAMILY_3615,3,3,0,1
FAMILY_3616,1,1,0,1
FAMILY_3617,2,2,0,1
FAMILY_3618,4,4,0,1
FAMILY_3619,2,2,0,1
FAMILY_3620,2,2,0,1
FAMILY_3621,1,1,0,1
FAMILY_3622,2,2,0,1
FAMILY_3623,2,2,0,1
FAMILY_3624,4,4,0,1
FAMILY_3625,1,1,0,1
FAMILY_3626,4,4,0,2
FAMILY_3627,3,3,0,1
FAMILY_3628,2,2,0,1
FAMILY_3629,1,1,0,1
FAMILY_3630,3,3,0,1
FAMILY_3631,3,3,0,1
FAMILY_3632,3,3,0,1
FAMILY_3633,4,4,0,1
FAMILY_3634,1,1,0,1
FAMILY_3635,2,2,0,1
FAMILY_3636,2,2,0,1
FAMILY_3637,2,2,0,1
FAMILY_3638,3,3,0,1
FAMILY_3639,1,1,0,1
FAMILY_3640,1,1,0,1
FAMILY_3641,2,2,0,1
FAMILY_3642,1,1,0,1
FAMILY_3643,1,1,0,1
FAMILY_3644,3,3,0,1
FAMILY_3645,5,5,0,1
FAMILY_3646,3,3,0,1
FAMILY_3647,3,3,0,1
FAMILY_3648,2,2,0,1
FAMILY_3649,2,2,0,1
FAMILY_3650,1,1,0,1
FAMILY_3651,5,5,0,1
FAMILY_3652,1,1,0,1
FAMILY_3653,2,2,0,1
FAMILY_3654,3,3,0,1
FAMILY_3655,1,1,0,1
FAMILY_3656,6,6,0,1
FAMILY_3657,5,5,0,1
FAMILY_3658,2,2,0,1
FAMILY_3659,2,2,0,1
FAMILY_3660,1,1,0,1
FAMILY_3661,3,3,0,1
FAMILY_3662,1,1,0,1
FAMILY_3663,2,2,0,1
FAMILY_3664,3,3,0,1
FAMILY_3665,2,2,0,1
FAMILY_3666,1,1,0,1
FAMILY_3667,2,2,0,1
FAMILY_3668,2,2,0,1
FAMILY_3669,1,1,0,1
FAMILY_3670,3,3,0,1
FAMILY_3671,1,1,0,1
FAMILY_3672,4,4,0,1
FAMILY_3673,3,3,0,1
FAMILY_3674,2,2,0,1
FAMILY_3675,1,1,0,1
FAMILY_3676,3,3,0,1
FAMILY_3677,1,1,0,1
FAMILY_3678,2,2,0,1
FAMILY_3679,1,1,0,1
FAMILY_3680,1,1,0,1
FAMILY_3681,1,1,0,1
FAMILY_3682,2,2,0,1
FAMILY_3683,4,4,0,1
FAMILY_3684,4,4,0,1
FAMILY_3685,4,4,0,1
FAMILY_3686,1,1,0,1
FAMILY_3687,3,3,0,1
FAMILY_3688,4,4,0,1
FAMILY_3689,6,6,0,1
FAMILY_3690,2,2,0,1
FAMILY_3691,2,2,0,1
FAMILY_3692,3,3,0,1
FAMILY_3693,3,3,0,1
FAMILY_3694,2,2,0,1
FAMILY_3695,1,1,0,1
FAMILY_3696,2,2,0,1
FAMILY_3697,4,4,0,1
FAMILY_3698,2,2,0,1
FAMILY_3699,2,2,0,1
FAMILY_3700,2,2,0,1
FAMILY_3701,1,1,0,1
FAMILY_3702,1,1,0,1
FAMILY_3703,2,2,0,1
FAMILY_3704,1,1,0,1
FAMILY_3705,3,3,0,1
FAMILY_3706,2,2,0,1
FAMILY_3707,2,2,0,1
FAMILY_3708,4,4,0,1
FAMILY_3709,2,2,0,1
FAMILY_3710,2,2,0,1
FAMILY_3711,2,2,0,1
FAMILY_3712,2,2,0,1
FAMILY_3713,2,2,0,1
FAMILY_3714,2,2,0,1
FAMILY_3715,2,2,0,1
FAMILY_3716,1,1,0,1
FAMILY_3717,2,2,0,1
FAMILY_3718,1,1,0,1
FAMILY_3719,3,3,0,1
FAMILY_3720,1,1,0,1
FAMILY_3721,3,3,0,1
FAMILY_3722,5,5,0,1
FAMILY_3723,3,3,0,1
FAMILY_3724,1,1,0,1
FAMILY_3725,2,2,0,1
FAMILY_3726,4,4,0,1
FAMILY_3727,2,2,0,1
FAMILY_3728,1,1,0,1
FAMILY_3729,7,7,0,1
FAMILY_3730,1,1,0,1
FAMILY_3731,2,2,0,1
FAMILY_3732,1,1,0,1
FAMILY_3733,3,3,0,1
FAMILY_3734,2,2,0,1
FAMILY_3735,2,2,0,1
FAMILY_3736,3,3,0,1
FAMILY_3737,2,2,0,1
FAMILY_3738,4,4,0,1
FAMILY_3739,3,3,0,1
FAMILY_3740,1,1,0,1
FAMILY_3741,4,4,0,1
FAMILY_3742,3,3,0,1
FAMILY_3743,2,2,0,1
FAMILY_3744,2,2,0,1
FAMILY_3745,3,3,0,1
FAMILY_3746,1,1,0,1
FAMILY_3747,1,1,0,1
FAMILY_3748,4,4,0,1
FAMILY_3749,2,2,0,1
FAMILY_3750,3,3,0,1
FAMILY_3751,1,1,0,1
FAMILY_3752,3,3,0,1
FAMILY_3753,1,1,0,1
FAMILY_3754,4,4,0,1
FAMILY_3755,2,2,0,1
FAMILY_3756,3,3,0,1
FAMILY_3757,2,2,0,1
FAMILY_3758,2,2,0,1
FAMILY_3759,2,2,0,1
FAMILY_3760,2,2,0,1
FAMILY_3761,2,2,0,1
FAMILY_3762,5,5,0,1
FAMILY_3763,1,1,0,1
FAMILY_3764,2,2,0,1
FAMILY_3765,3,3,0,1
FAMILY_3766,4,4,0,1
FAMILY_3767,4,4,0,1
FAMILY_3768,3,3,0,1
FAMILY_3769,2,2,0,1
FAMILY_3770,3,3,0,1
FAMILY_3771,1,1,0,1
FAMILY_3772,2,2,0,1
FAMILY_3773,1,1,0,1
FAMILY_3774,2,2,0,1
FAMILY_3775,5,5,0,1
FAMILY_3776,5,5,0,1
FAMILY_3777,2,2,0,1
FAMILY_3778,1,1,0,1
FAMILY_3779,2,2,0,1
FAMILY_3780,2,2,0,1
FAMILY_3781,1,1,0,1
FAMILY_3782,4,4,0,1
FAMILY_3783,1,1,0,1
FAMILY_3784,2,2,0,1
FAMILY_3785,1,1,0,1
FAMILY_3786,2,2,0,1
FAMILY_3787,3,3,0,1
FAMILY_3788,2,2,0,1
FAMILY_3789,3,3,0,1
FAMILY_3790,1,1,0,1
FAMILY_3791,2,2,0,1
FAMILY_3792,1,1,0,1
FAMILY_3793,3,3,0,1
FAMILY_3794,1,1,0,1
FAMILY_3795,1,1,0,1
FAMILY_3796,1,1,0,1
FAMILY_3797,4,4,0,1
FAMILY_3798,1,1,0,1
FAMILY_3799,3,3,0,1
FAMILY_3800,2,2,0,1
FAMILY_3801,1,1,0,1
FAMILY_3802,1,1,0,1
FAMILY_3803,1,1,0,1
FAMILY_3804,2,2,0,1
FAMILY_3805,1,1,0,1
FAMILY_3806,2,2,0,1
FAMILY_3807,2,2,0,1
FAMILY_3808,5,5,0,1
FAMILY_3809,3,3,0,1
FAMILY_3810,1,1,0,1
FAMILY_3811,1,1,0,1
FAMILY_3812,2,2,0,1
FAMILY_3813,1,1,0,1
FAMILY_3814,1,1,0,1
FAMILY_3815,3,3,0,1
FAMILY_3816,5,5,0,1
FAMILY_3817,2,2,0,1
FAMILY_3818,2,2,0,1
FAMILY_3819,4,4,0,1
FAMILY_3820,1,1,0,1
FAMILY_3821,2,2,0,1
FAMILY_3822,2,2,0,1
FAMILY_3823,4,4,0,1
FAMILY_3824,3,3,0,1
FAMILY_3825,1,1,0,1
FAMILY_3826,3,3,0,1
FAMILY_3827,3,3,0,1
FAMILY_3828,1,1,0,1
FAMILY_3829,2,2,0,1
FAMILY_3830,4,4,0,1
FAMILY_3831,2,2,0,1
FAMILY_3832,1,1,0,1
FAMILY_3833,3,3,0,1
FAMILY_3834,2,2,0,1
FAMILY_3835,3,3,0,1
FAMILY_3836,3,3,0,1
FAMILY_3837,4,4,0,1
FAMILY_3838,2,2,0,1
FAMILY_3839,4,4,0,1
FAMILY_3840,1,1,0,1
FAMILY_3841,1,1,0,1
FAMILY_3842,1,1,0,1
FAMILY_3843,1,1,0,1
FAMILY_3844,2,2,0,1
FAMILY_3845,2,2,0,1
FAMILY_3846,1,1,0,1
FAMILY_3847,1,1,0,1
FAMILY_3848,2,2,0,1
FAMILY_3849,2,2,0,1
FAMILY_3850,1,1,0,1
FAMILY_3851,4,4,0,1
FAMILY_3852,3,3,0,1
FAMILY_3853,1,1,0,1
FAMILY_3854,1,1,0,1
FAMILY_3855,1,1,0,1
FAMILY_3856,6,6,0,1
FAMILY_3857,1,1,0,1
FAMILY_3858,1,1,0,1
FAMILY_3859,4,4,0,1
FAMILY_3860,1,1,0,1
FAMILY_3861,1,1,0,1
FAMILY_3862,2,2,0,1
FAMILY_3863,3,3,0,1
FAMILY_3864,2,2,0,1
FAMILY_3865,2,2,0,1
FAMILY_3866,2,2,0,1
FAMILY_3867,4,4,0,1
FAMILY_3868,3,3,0,1
FAMILY_3869,2,2,0,1
FAMILY_3870,1,1,0,1
FAMILY_3871,3,3,0,1
FAMILY_3872,2,2,0,1
FAMILY_3873,3,3,0,1
FAMILY_3874,1,1,0,1
FAMILY_3875,2,2,0,1
FAMILY_3876,4,4,0,1
FAMILY_3877,2,2,0,1
FAMILY_3878,1,1,0,1
FAMILY_3879,5,5,0,2
FAMILY_3880,1,1,0,1
FAMILY_3881,4,4,0,1
FAMILY_3882,1,1,0,1
FAMILY_3883,1,1,0,1
FAMILY_3884,2,2,0,1
FAMILY_3885,1,1,0,1
FAMILY_3886,4,4,0,1
FAMILY_3887,1,1,0,1
FAMILY_3888,1,1,0,1
FAMILY_3889,1,1,0,1
FAMILY_3890,1,1,0,1
FAMILY_3891,3,3,0,1
FAMILY_3892,2,2,0,1
FAMILY_3893,3,3,0,1
FAMILY_3894,3,3,0,1
FAMILY_3895,1,1,0,1
FAMILY_3896,2,2,0,1
FAMILY_3897,3,3,0,1
FAMILY_3898,5,5,0,1
FAMILY_3899,2,2,0,1
FAMILY_3900,4,4,0,1
FAMILY_3901,1,1,0,1
FAMILY_3902,5,5,0,1
FAMILY_3903,2,2,0,1
FAMILY_3904,3,3,0,1
FAMILY_3905,3,3,0,1
FAMILY_3906,2,2,0,1
FAMILY_3907,1,1,0,1
FAMILY_3908,4,4,0,1
FAMILY_3909,2,2,0,1
FAMILY_3910,4,4,0,1
FAMILY_3911,3,3,0,1
FAMILY_3912,1,1,0,1
FAMILY_3913,3,3,0,1
FAMILY_3914,1,1,0,1
FAMILY_3915,2,2,0,1
FAMILY_3916,2,2,0,1
FAMILY_3917,1,1,0,1
FAMILY_3918,3,3,0,1
FAMILY_3919,5,5,0,1
FAMILY_3920,2,2,0,1
FAMILY_3921,4,4,0,1
FAMILY_3922,5,5,0,1
FAMILY_3923,2,2,0,1
FAMILY_3924,2,2,0,1
FAMILY_3925,1,1,0,1
FAMILY_3926,1,1,0,1
FAMILY_3927,1,1,0,1
FAMILY_3928,4,4,0,1
FAMILY_3929,1,1,0,1
FAMILY_3930,1,1,0,1
FAMILY_3931,2,2,0,1
FAMILY_3932,3,3,0,1
FAMILY_3933,1,1,0,1
FAMILY_3934,3,3,0,1
FAMILY_3935,1,1,0,1
FAMILY_3936,3,3,0,1
FAMILY_3937,3,3,0,1
FAMILY_3938,2,2,0,1
FAMILY_3939,4,4,0,1
FAMILY_3940,1,1,0,1
FAMILY_3941,1,1,0,1
FAMILY_3942,2,2,0,1
FAMILY_3943,2,2,0,1
FAMILY_3944,1,1,0,1
FAMILY_3945,1,1,0,1
FAMILY_3946,1,1,0,1
FAMILY_3947,3,3,0,1
FAMILY_3948,2,2,0,1
FAMILY_3949,1,1,0,1
FAMILY_3950,1,1,0,1
FAMILY_3951,2,2,0,1
FAMILY_3952,2,2,0,1
FAMILY_3953,2,2,0,1
FAMILY_3954,3,3,0,1
FAMILY_3955,2,2,0,1
FAMILY_3956,2,2,0,1
FAMILY_3957,1,1,0,1
FAMILY_3958,2,2,0,1
FAMILY_3959,2,2,0,1
FAMILY_3960,2,2,0,1
FAMILY_3961,2,2,0,1
FAMILY_3962,1,1,0,1
FAMILY_3963,1,1,0,1
FAMILY_3964,1,1,0,1
FAMILY_3965,3,3,0,1
FAMILY_3966,1,1,0,1
FAMILY_3967,2,2,0,1
FAMILY_3968,2,2,0,1
FAMILY_3969,1,1,0,1
FAMILY_3970,3,3,0,1
FAMILY_3971,2,2,0,1
FAMILY_3972,1,1,0,1
FAMILY_3973,2,2,0,1
FAMILY_3974,1,1,0,1
FAMILY_3975,1,1,0,1
FAMILY_3976,3,3,0,1
FAMILY_3977,2,2,0,1
FAMILY_3978,3,3,0,1
FAMILY_3979,2,2,0,1
FAMILY_3980,2,2,0,1
FAMILY_3981,2,2,0,1
FAMILY_3982,1,1,0,1
FAMILY_3983,2,2,0,1
FAMILY_3984,2,2,0,1
FAMILY_3985,1,1,0,1
FAMILY_3986,1,1,0,1
FAMILY_3987,1,1,0,1
FAMILY_3988,2,2,0,1
FAMILY_3989,1,1,0,1
FAMILY_3990,3,3,0,1
FAMILY_3991,2,2,0,1
FAMILY_3992,2,2,0,1
FAMILY_3993,6,6,0,1
FAMILY_3994,2,2,0,1
FAMILY_3995,1,1,0,1
FAMILY_3996,4,4,0,1
FAMILY_3997,1,1,0,1
FAMILY_3998,3,3,0,1
FAMILY_3999,4,4,0,1
FAMILY_4000,2,2,0,1
FAMILY_4001,2,2,0,1
FAMILY_4002,5,5,0,1
FAMILY_4003,2,2,0,1
FAMILY_4004,4,4,0,1
FAMILY_4005,2,2,0,1
FAMILY_4006,2,2,0,1
FAMILY_4007,1,1,0,1
FAMILY_4008,4,4,0,1
FAMILY_4009,2,2,0,1
FAMILY_4010,1,1,0,1
FAMILY_4011,2,2,0,1
FAMILY_4012,1,1,0,1
FAMILY_4013,3,3,0,1
FAMILY_4014,1,1,0,1
FAMILY_4015,3,3,0,1
FAMILY_4016,4,4,0,1
FAMILY_4017,3,3,0,1
FAMILY_4018,1,1,0,1
FAMILY_4019,3,3,0,1
FAMILY_4020,2,2,0,1
FAMILY_4021,2,2,0,1
FAMILY_4022,1,1,0,1
FAMILY_4023,1,1,0,1
FAMILY_4024,1,1,0,1
FAMILY_4025,2,2,0,1
FAMILY_4026,2,2,0,1
FAMILY_4027,4,4,0,1
FAMILY_4028,1,1,0,1
FAMILY_4029,2,2,0,1
FAMILY_4030,1,1,0,1
FAMILY_4031,1,1,0,1
FAMILY_4032,2,2,0,1
FAMILY_4033,2,2,0,1
FAMILY_4034,3,3,0,1
FAMILY_4035,3,3,0,1
FAMILY_4036,3,3,0,1
FAMILY_4037,3,3,0,1
FAMILY_4038,2,2,0,1
FAMILY_4039,1,1,0,1
FAMILY_4040,3,3,0,1
FAMILY_4041,2,2,0,1
FAMILY_4042,1,1,0,1
FAMILY_4043,1,1,0,1
FAMILY_4044,2,2,0,1
FAMILY_4045,2,2,0,1
FAMILY_4046,2,2,0,1
FAMILY_4047,3,3,0,1
FAMILY_4048,2,2,0,1
FAMILY_4049,2,2,0,1
FAMILY_4050,1,1,0,1
FAMILY_4051,2,2,0,1
FAMILY_4052,3,3,0,1
FAMILY_4053,1,1,0,1
FAMILY_4054,4,4,0,1
FAMILY_4055,5,5,0,1
FAMILY_4056,1,1,0,1
FAMILY_4057,3,3,0,1
FAMILY_4058,1,1,0,1
FAMILY_4059,1,1,0,1
FAMILY_4060,2,2,0,1
FAMILY_4061,1,1,0,1
FAMILY_4062,2,2,0,1
FAMILY_4063,3,3,0,1
FAMILY_4064,1,1,0,1
FAMILY_4065,4,4,0,1
FAMILY_4066,1,1,0,1
FAMILY_4067,3,3,0,1
FAMILY_4068,3,3,0,1
FAMILY_4069,4,4,0,1
FAMILY_4070,3,3,0,1
FAMILY_4071,3,3,0,1
FAMILY_4072,2,2,0,1
FAMILY_4073,1,1,0,1
FAMILY_4074,2,2,0,1
FAMILY_4075,2,2,0,1
FAMILY_4076,1,1,0,1
FAMILY_4077,1,1,0,1
FAMILY_4078,2,2,0,1
FAMILY_4079,4,4,0,1
FAMILY_4080,5,5,0,1
FAMILY_4081,1,1,0,1
FAMILY_4082,3,3,0,1
FAMILY_4083,2,2,0,1
FAMILY_4084,1,1,0,1
FAMILY_4085,1,1,0,1
FAMILY_4086,2,2,0,1
FAMILY_4087,2,2,0,1
FAMILY_4088,2,2,0,1
FAMILY_4089,2,2,0,1
FAMILY_4090,3,3,0,1
FAMILY_4091,4,4,0,1
FAMILY_4092,3,3,0,1
FAMILY_4093,1,1,0,1
FAMILY_4094,2,2,0,1
FAMILY_4095,2,2,0,1
FAMILY_4096,3,3,0,1
FAMILY_4097,1,1,0,1
FAMILY_4098,2,2,0,1
FAMILY_4099,1,1,0,1
FAMILY_4100,1,1,0,1
FAMILY_4101,1,1,0,1
FAMILY_4102,1,1,0,1
FAMILY_4103,3,3,0,1
FAMILY_4104,2,2,0,1
FAMILY_4105,1,1,0,1
FAMILY_4106,3,3,0,1
FAMILY_4107,1,1,0,1
FAMILY_4108,5,5,0,1
FAMILY_4109,1,1,0,1
FAMILY_4110,1,1,0,1
FAMILY_4111,2,2,0,1
FAMILY_4112,1,1,0,1
FAMILY_4113,3,3,0,1
FAMILY_4114,1,1,0,1
FAMILY_4115,3,3,0,1
FAMILY_4116,2,2,0,1
FAMILY_4117,1,1,0,1
FAMILY_4118,3,3,0,1
FAMILY_4119,2,2,0,1
FAMILY_4120,2,2,0,1
FAMILY_4121,2,2,0,1
FAMILY_4122,2,2,0,1
FAMILY_4123,2,2,0,1
FAMILY_4124,2,2,0,1
FAMILY_4125,5,5,0,1
FAMILY_4126,1,1,0,1
FAMILY_4127,4,4,0,1
FAMILY_4128,2,2,0,1
FAMILY_4129,1,1,0,1
FAMILY_4130,2,2,0,1
FAMILY_4131,3,3,0,1
FAMILY_4132,2,2,0,1
FAMILY_4133,3,3,0,1
FAMILY_4134,2,2,0,1
FAMILY_4135,1,1,0,1
FAMILY_4136,4,4,0,1
FAMILY_4137,3,3,0,1
FAMILY_4138,4,4,0,1
FAMILY_4139,2,2,0,1
FAMILY_4140,3,3,0,1
FAMILY_4141,1,1,0,1
FAMILY_4142,1,1,0,1
FAMILY_4143,1,1,0,1
FAMILY_4144,3,3,0,1
FAMILY_4145,3,3,0,1
FAMILY_4146,2,2,0,1
FAMILY_4147,2,2,0,1
FAMILY_4148,2,2,0,1
FAMILY_4149,1,1,0,1
FAMILY_4150,2,2,0,1
FAMILY_4151,3,3,0,1
FAMILY_4152,1,1,0,1
FAMILY_4153,2,2,0,1
FAMILY_4154,2,2,0,1
FAMILY_4155,4,4,0,1
FAMILY_4156,2,2,0,1
FAMILY_4157,2,2,0,1
FAMILY_4158,2,2,0,1
FAMILY_4159,2,2,0,1
FAMILY_4160,1,1,0,1
FAMILY_4161,4,4,0,1
FAMILY_4162,4,4,0,1
FAMILY_4163,1,1,0,1
FAMILY_4164,1,1,0,1
FAMILY_4165,4,4,0,1
FAMILY_4166,1,1,0,1
FAMILY_4167,2,2,0,1
FAMILY_4168,1,1,0,1
FAMILY_4169,1,1,0,1
FAMILY_4170,1,1,0,1
FAMILY_4171,1,1,0,1
FAMILY_4172,18,18,0,1
FAMILY_4173,5,5,0,1
FAMILY_4174,4,4,0,1
FAMILY_4175,1,1,0,1
FAMILY_4176,2,2,0,1
FAMILY_4177,2,2,0,1
FAMILY_4178,2,2,0,1
FAMILY_4179,2,2,0,1
FAMILY_4180,3,3,0,1
FAMILY_4181,2,2,0,1
FAMILY_4182,1,1,0,1
FAMILY_4183,2,2,0,1
FAMILY_4184,1,1,0,1
FAMILY_4185,1,1,0,1
FAMILY_4186,3,3,0,1
FAMILY_4187,2,2,0,1
FAMILY_4188,1,1,0,1
FAMILY_4189,1,1,0,1
FAMILY_4190,2,2,0,1
FAMILY_4191,2,2,0,1
FAMILY_4192,1,1,0,1
FAMILY_4193,2,2,0,1
FAMILY_4194,2,2,0,1
FAMILY_4195,3,3,0,1
FAMILY_4196,4,4,0,1
FAMILY_4197,3,3,0,1
FAMILY_4198,6,6,0,1
FAMILY_4199,2,2,0,1
FAMILY_4200,1,1,0,1
FAMILY_4201,2,2,0,1
FAMILY_4202,1,1,0,1
FAMILY_4203,2,2,0,1
FAMILY_4204,2,2,0,1
FAMILY_4205,3,3,0,1
FAMILY_4206,2,2,0,1
FAMILY_4207,1,1,0,1
FAMILY_4208,4,4,0,1
FAMILY_4209,3,3,0,1
FAMILY_4210,4,4,0,1
FAMILY_4211,5,5,0,1
FAMILY_4212,2,2,0,1
FAMILY_4213,1,1,0,1
FAMILY_4214,2,2,0,1
FAMILY_4215,1,1,0,1
FAMILY_4216,1,1,0,1
FAMILY_4217,1,1,0,1
FAMILY_4218,5,5,0,1
FAMILY_4219,1,1,0,1
FAMILY_4220,1,1,0,1
FAMILY_4221,1,1,0,1
FAMILY_4222,1,1,0,1
FAMILY_4223,3,3,0,1
FAMILY_4224,3,3,0,1
FAMILY_4225,1,1,0,1
FAMILY_4226,4,4,0,1
FAMILY_4227,2,2,0,1
FAMILY_4228,1,1,0,1
FAMILY_4229,4,4,0,1
FAMILY_4230,1,1,0,1
FAMILY_4231,3,3,0,1
FAMILY_4232,3,3,0,1
FAMILY_4233,2,2,0,1
FAMILY_4234,2,2,0,1
FAMILY_4235,1,1,0,1
FAMILY_4236,4,4,0,1
FAMILY_4237,1,1,0,1
FAMILY_4238,3,3,0,1
FAMILY_4239,2,2,0,1
FAMILY_4240,2,2,0,1
FAMILY_4241,1,1,0,1
FAMILY_4242,1,1,0,1
FAMILY_4243,3,3,0,1
FAMILY_4244,1,1,0,1
FAMILY_4245,4,4,0,1
FAMILY_4246,2,2,0,1
FAMILY_4247,4,4,0,1
FAMILY_4248,2,2,0,1
FAMILY_4249,3,3,0,1
FAMILY_4250,1,1,0,1
FAMILY_4251,1,1,0,1
FAMILY_4252,3,3,0,1
FAMILY_4253,2,2,0,1
FAMILY_4254,1,1,0,1
FAMILY_4255,3,3,0,1
FAMILY_4256,3,3,0,1
FAMILY_4257,1,1,0,1
FAMILY_4258,2,2,0,1
FAMILY_4259,2,2,0,1
FAMILY_4260,2,2,0,1
FAMILY_4261,1,1,0,1
FAMILY_4262,1,1,0,1
FAMILY_4263,1,1,0,1
FAMILY_4264,2,2,0,1
FAMILY_4265,1,1,0,1
FAMILY_4266,1,1,0,1
FAMILY_4267,4,4,0,1
FAMILY_4268,1,1,0,1
FAMILY_4269,1,1,0,1
FAMILY_4270,4,4,0,1
FAMILY_4271,3,3,0,1
FAMILY_4272,1,1,0,1
FAMILY_4273,3,3,0,1
FAMILY_4274,2,2,0,1
FAMILY_4275,2,2,0,1
FAMILY_4276,2,2,0,1
FAMILY_4277,2,2,0,1
FAMILY_4278,2,2,0,1
FAMILY_4279,1,1,0,1
FAMILY_4280,1,1,0,1
FAMILY_4281,1,1,0,1
FAMILY_4282,4,4,0,1
FAMILY_4283,2,2,0,1
FAMILY_4284,2,2,0,1
FAMILY_4285,2,2,0,1
FAMILY_4286,2,2,0,1
FAMILY_4287,2,2,0,1
FAMILY_4288,1,1,0,1
FAMILY_4289,2,2,0,1
FAMILY_4290,2,2,0,1
FAMILY_4291,5,5,0,1
FAMILY_4292,2,2,0,1
FAMILY_4293,1,1,0,1
FAMILY_4294,2,2,0,1
FAMILY_4295,1,1,0,1
FAMILY_4296,2,2,0,1
FAMILY_4297,1,1,0,1
FAMILY_4298,1,1,0,1
FAMILY_4299,2,2,0,1
FAMILY_4300,2,2,0,1
FAMILY_4301,3,3,0,1
FAMILY_4302,3,3,0,1
FAMILY_4303,2,2,0,1
FAMILY_4304,1,1,0,1
FAMILY_4305,2,2,0,1
FAMILY_4306,1,1,0,1
FAMILY_4307,3,3,0,1
FAMILY_4308,3,3,0,1
FAMILY_4309,3,3,0,1
FAMILY_4310,2,2,0,1
FAMILY_4311,4,4,0,1
FAMILY_4312,2,2,0,1
FAMILY_4313,2,2,0,1
FAMILY_4314,1,1,0,1
FAMILY_4315,7,7,0,1
FAMILY_4316,2,2,0,1
FAMILY_4317,3,3,0,1
FAMILY_4318,4,4,0,1
FAMILY_4319,4,4,0,1
FAMILY_4320,4,4,0,1
FAMILY_4321,1,1,0,1
FAMILY_4322,1,1,0,1
FAMILY_4323,4,4,0,1
FAMILY_4324,3,3,0,1
FAMILY_4325,2,2,0,1
FAMILY_4326,1,1,0,1
FAMILY_4327,2,2,0,1
FAMILY_4328,1,1,0,1
FAMILY_4329,2,2,0,1
FAMILY_4330,1,1,0,1
FAMILY_4331,3,3,0,1
FAMILY_4332,2,2,0,1
FAMILY_4333,1,1,0,1
FAMILY_4334,2,2,0,1
FAMILY_4335,1,1,0,1
FAMILY_4336,1,1,0,1
FAMILY_4337,2,2,0,1
FAMILY_4338,2,2,0,1
FAMILY_4339,1,1,0,1
FAMILY_4340,1,1,0,1
FAMILY_4341,4,4,0,1
FAMILY_4342,3,3,0,1
FAMILY_4343,3,3,0,1
FAMILY_4344,3,3,0,1
FAMILY_4345,3,3,0,1
FAMILY_4346,1,1,0,1
FAMILY_4347,3,3,0,1
FAMILY_4348,1,1,0,1
FAMILY_4349,1,1,0,1
FAMILY_4350,1,1,0,1
FAMILY_4351,4,4,0,1
FAMILY_4352,3,3,0,1
FAMILY_4353,1,1,0,1
FAMILY_4354,4,4,0,1
FAMILY_4355,4,4,0,1
FAMILY_4356,2,2,0,1
FAMILY_4357,2,2,0,1
FAMILY_4358,7,7,0,1
FAMILY_4359,3,3,0,1
FAMILY_4360,4,4,0,1
FAMILY_4361,2,2,0,1
FAMILY_4362,1,1,0,1
FAMILY_4363,3,3,0,1
FAMILY_4364,2,2,0,1
FAMILY_4365,1,1,0,1
FAMILY_4366,2,2,0,1
FAMILY_4367,1,1,0,1
FAMILY_4368,5,5,0,1
FAMILY_4369,3,3,0,1
FAMILY_4370,2,2,0,1
FAMILY_4371,3,3,0,1
FAMILY_4372,1,1,0,1
FAMILY_4373,1,1,0,1
FAMILY_4374,1,1,0,1
FAMILY_4375,4,4,0,1
FAMILY_4376,4,4,0,1
FAMILY_4377,2,2,0,1
FAMILY_4378,1,1,0,1
FAMILY_4379,1,1,0,1
FAMILY_4380,2,2,0,1
FAMILY_4381,4,4,0,1
FAMILY_4382,4,4,0,1
FAMILY_4383,2,2,0,1
FAMILY_4384,1,1,0,1
FAMILY_4385,2,2,0,1
FAMILY_4386,1,1,0,1
FAMILY_4387,3,3,0,1
FAMILY_4388,2,2,0,1
FAMILY_4389,1,1,0,1
FAMILY_4390,2,2,0,1
FAMILY_4391,3,3,0,1
FAMILY_4392,1,1,0,1
FAMILY_4393,3,3,0,1
FAMILY_4394,1,1,0,1
FAMILY_4395,2,2,0,1
FAMILY_4396,3,3,0,1
FAMILY_4397,4,4,0,1
FAMILY_4398,1,1,0,1
FAMILY_4399,3,3,0,1
FAMILY_4400,2,2,0,1
FAMILY_4401,1,1,0,1
FAMILY_4402,2,2,0,1
FAMILY_4403,1,1,0,1
FAMILY_4404,1,1,0,1
FAMILY_4405,1,1,0,1
FAMILY_4406,2,2,0,1
FAMILY_4407,1,1,0,1
FAMILY_4408,2,2,0,1
FAMILY_4409,2,2,0,1
FAMILY_4410,2,2,0,1
FAMILY_4411,1,1,0,1
FAMILY_4412,3,3,0,1
FAMILY_4413,2,2,0,1
FAMILY_4414,2,2,0,1
FAMILY_4415,2,2,0,1
FAMILY_4416,2,2,0,1
FAMILY_4417,1,1,0,1
FAMILY_4418,1,1,0,1
FAMILY_4419,2,2,0,1
FAMILY_4420,2,2,0,1
FAMILY_4421,3,3,0,1
FAMILY_4422,1,1,0,1
FAMILY_4423,1,1,0,1
FAMILY_4424,2,2,0,1
FAMILY_4425,2,2,0,1
FAMILY_4426,3,3,0,1
FAMILY_4427,2,2,0,1
FAMILY_4428,1,1,0,1
FAMILY_4429,3,3,0,1
FAMILY_4430,5,5,0,1
FAMILY_4431,3,3,0,1
FAMILY_4432,1,1,0,1
FAMILY_4433,1,1,0,1
FAMILY_4434,1,1,0,1
FAMILY_4435,1,1,0,1
FAMILY_4436,1,1,0,1
FAMILY_4437,2,2,0,1
FAMILY_4438,1,1,0,1
FAMILY_4439,4,4,0,2
FAMILY_4440,1,1,0,1
FAMILY_4441,3,3,0,1
FAMILY_4442,1,1,0,1
FAMILY_4443,3,3,0,1
FAMILY_4444,1,1,0,1
FAMILY_4445,2,2,0,1
FAMILY_4446,6,6,0,1
FAMILY_4447,3,3,0,1
FAMILY_4448,2,2,0,1
FAMILY_4449,1,1,0,1
FAMILY_4450,2,2,0,1
FAMILY_4451,3,3,0,1
FAMILY_4452,1,1,0,1
FAMILY_4453,1,1,0,1
FAMILY_4454,3,3,0,1
FAMILY_4455,1,1,0,1
FAMILY_4456,2,2,0,1
FAMILY_4457,2,2,0,1
FAMILY_4458,2,2,0,1
FAMILY_4459,2,2,0,1
FAMILY_4460,2,2,0,1
FAMILY_4461,4,4,0,1
FAMILY_4462,1,1,0,1
FAMILY_4463,2,2,0,1
FAMILY_4464,3,3,0,1
FAMILY_4465,5,5,0,1
FAMILY_4466,2,2,0,1
FAMILY_4467,1,1,0,1
FAMILY_4468,2,2,0,1
FAMILY_4469,3,3,0,1
FAMILY_4470,2,2,0,1
FAMILY_4471,3,3,0,1
FAMILY_4472,4,4,0,1
FAMILY_4473,4,4,0,1
FAMILY_4474,1,1,0,1
FAMILY_4475,1,1,0,1
FAMILY_4476,3,3,0,1
FAMILY_4477,2,2,0,1
FAMILY_4478,1,1,0,1
FAMILY_4479,3,3,0,1
FAMILY_4480,1,1,0,1
FAMILY_4481,3,3,0,1
FAMILY_4482,1,1,0,1
FAMILY_4483,2,2,0,1
FAMILY_4484,2,2,0,1
FAMILY_4485,1,1,0,1
FAMILY_4486,1,1,0,1
FAMILY_4487,1,1,0,1
FAMILY_4488,1,1,0,1
FAMILY_4489,2,2,0,1
FAMILY_4490,5,5,0,1
FAMILY_4491,4,4,0,1
FAMILY_4492,28,28,0,1
FAMILY_4493,10,10,0,1
FAMILY_4494,23,23,0,1
FAMILY_4495,18,18,0,1
FAMILY_4496,4,4,0,1
FAMILY_4497,7,7,0,1
FAMILY_4498,24,24,0,1
FAMILY_4499,6,6,0,1
FAMILY_4500,7,7,0,1
FAMILY_4501,28,28,0,1
FAMILY_4502,1,1,0,1
FAMILY_4503,1,1,0,1
FAMILY_4504,1,1,0,1
FAMILY_4505,1,1,0,1
FAMILY_4506,1,1,0,1
FAMILY_4507,1,1,0,1
FAMILY_4508,1,1,0,1
FAMILY_4509,1,1,0,1
FAMILY_4510,1,1,0,1
FAMILY_4511,1,1,0,1
FAMILY_4512,1,1,0,1
FAMILY_4513,1,1,0,1
FAMILY_4514,1,1,0,1
FAMILY_4515,1,1,0,1
FAMILY_4516,1,1,0,1
FAMILY_4517,1,1,0,1
FAMILY_4518,1,1,0,1
FAMILY_4519,1,1,0,1
FAMILY_4520,2,2,0,3
FAMILY_4521,1,1,0,1
FAMILY_4522,1,1,0,1
FAMILY_4523,10,10,0,1
FAMILY_4524,6,6,0,1
FAMILY_4525,1,1,0,1
FAMILY_4526,3,3,0,1
FAMILY_4527,1,1,0,1
FAMILY_4528,5,5,0,1
FAMILY_4529,3,3,0,1
FAMILY_4530,1,1,0,1
FAMILY_4531,2,2,0,1
FAMILY_4532,4,4,0,1
FAMILY_4533,6,6,0,1
FAMILY_4534,6,6,0,1
FAMILY_4535,8,8,0,1
FAMILY_4536,8,8,0,1
FAMILY_4537,8,8,0,1
FAMILY_4538,4,4,0,1
FAMILY_4539,4,4,0,1
FAMILY_4540,1,1,0,1
FAMILY_4541,1,1,0,1
FAMILY_4542,8,8,0,1
FAMILY_4543,9,9,0,2
FAMILY_4544,16,16,0,3
FAMILY_4545,1,1,0,1
FAMILY_4546,1,1,0,1
FAMILY_4547,15,15,0,2
FAMILY_4548,1,1,0,1
FAMILY_4549,9,9,0,1
FAMILY_4550,1,1,0,1
FAMILY_4551,1,1,0,1
FAMILY_4552,1,1,0,1
FAMILY_4553,1,1,0,1
FAMILY_4554,5,5,0,1
FAMILY_4555,3,3,0,2
FAMILY_4556,1,1,0,1
FAMILY_4557,4,4,0,2
FAMILY_4558,9,9,0,2
FAMILY_4559,1,1,0,1
FAMILY_4560,1,1,0,1
FAMILY_4561,4,4,0,2
FAMILY_4562,2,2,0,1
FAMILY_4563,4,4,0,1
FAMILY_4564,2,2,0,1
FAMILY_4565,7,7,0,2
FAMILY_4566,1,1,0,1
FAMILY_4567,1,1,0,1
FAMILY_4568,8,8,0,2
FAMILY_4569,6,6,0,1
FAMILY_4570,1,1,0,1
FAMILY_4571,11,11,0,2
FAMILY_4572,1,1,0,1
FAMILY_4573,5,5,0,2
FAMILY_4574,11,11,0,2
FAMILY_4575,4,4,0,2
FAMILY_4576,1,1,0,1
FAMILY_4577,1,1,0,1
FAMILY_4578,1,1,0,1
FAMILY_4579,4,4,0,2
FAMILY_4580,1,1,0,1
FAMILY_4581,1,1,0,1
FAMILY_4582,1,1,0,1
FAMILY_4583,1,1,0,1
FAMILY_4584,2,2,0,1
FAMILY_4585,1,1,0,1
FAMILY_4586,1,1,0,1
FAMILY_4587,71,71,0,4
FAMILY_4588,2,2,0,1
