source_id,source_artifact_id,provided_internal_id,frozen_canonical_id,benchmark_id,canonical_id,benchmark_identity_if_any,package_relative_path,recovered,complete,mapping_confidence,in_scope_current_master,cross_source_overlap,source_release_membership,benchmark_primary_membership,source_release_only,release_fidelity,package_tree_sha256,sanitized_package_tree_sha256,package_archive_sha256,secret_review_status,exact_public_candidate,sanitized_public_candidate,blocked,files_modified,notes
SRC002,rest_1049:platform-porter,rest_1049:platform-porter,UASSB_00008201,ASB04_006841,UASSB_00008201,ASB04_006841,packages/rest_1049/platform-porter,yes,yes,HIGH,yes,no,true,true,no,EXACT_TO_PRESERVED_SNAPSHOT,1f1361be217d9fefeb3c47ffe0f460f3f4303552193226d7a3e4c4b01ecdc415,,bf2532cb0e7fd3a76a2cf1bbb53cff1cd77fe67b3f152f802c084ef196860ed5,NO_CONFIRMED_SECRET,yes,no,no,,explicit task authorization; package bytes preserved relative to the author-provided snapshot
SRC002,rest_1169:sqlite-agent-amplification,rest_1169:sqlite-agent-amplification,UASSB_00008833,ASB04_004213,UASSB_00008833,ASB04_004213,packages/rest_1169/sqlite-agent-amplification,yes,yes,HIGH,yes,no,true,true,no,EXACT_TO_PRESERVED_SNAPSHOT,ebd91d9871993637c238b533598ac223341023f5c4634dbf59e2bb37f9a785cf,,bf2532cb0e7fd3a76a2cf1bbb53cff1cd77fe67b3f152f802c084ef196860ed5,NO_CONFIRMED_SECRET,yes,no,no,,explicit task authorization; package bytes preserved relative to the author-provided snapshot
SRC002,rest_154:github-multi-repo,rest_154:github-multi-repo,UASSB_00012430,ASB04_005135,UASSB_00012430,ASB04_005135,packages/rest_154/github-multi-repo,yes,yes,HIGH,yes,no,true,true,no,EXACT_TO_PRESERVED_SNAPSHOT,fe8b7c3655e33fc8019edfa98ce743c50ce4046cd9139ec9a4a918248e08b7a6,,bf2532cb0e7fd3a76a2cf1bbb53cff1cd77fe67b3f152f802c084ef196860ed5,NO_CONFIRMED_SECRET,yes,no,no,,explicit task authorization; package bytes preserved relative to the author-provided snapshot
SRC002,rest_1575:Skills,rest_1575:Skills,UASSB_00012596,ASB04_000790,UASSB_00012596,ASB04_000790,packages/rest_1575/Skills,yes,yes,HIGH,yes,no,true,true,no,EXACT_TO_PRESERVED_SNAPSHOT,6a4343d64f72aaec7a6c2ebd35084d8aef6c48d50c1dd4d8ed4c086032da3454,,bf2532cb0e7fd3a76a2cf1bbb53cff1cd77fe67b3f152f802c084ef196860ed5,NO_CONFIRMED_SECRET,yes,no,no,,explicit task authorization; package bytes preserved relative to the author-provided snapshot
SRC002,rest_1659:math-calculator,rest_1659:math-calculator,UASSB_00013043,ASB04_004312,UASSB_00006028,ASB04_004312,packages/rest_1659/math-calculator,yes,yes,HIGH,yes,yes,true,true,yes,EXACT_TO_PRESERVED_SNAPSHOT,4ef1f871ff89cac2e10f7dbd51f321950466da53d1fbc279633f470412f0e599,,bf2532cb0e7fd3a76a2cf1bbb53cff1cd77fe67b3f152f802c084ef196860ed5,NO_CONFIRMED_SECRET,yes,no,no,,accepted author-provided historical snapshot; cross-source duplicate retained in source release and mapped to explicit primary benchmark identity
SRC002,rest_167:github-workflow-automation,rest_167:github-workflow-automation,UASSB_00013202,ASB04_006140,UASSB_00013202,ASB04_006140,packages/rest_167/github-workflow-automation,yes,yes,HIGH,yes,no,true,true,no,EXACT_TO_PRESERVED_SNAPSHOT,9ed672e17652804ef3a6b4446a06eaf4a241a307a494449814c5edf156460b9e,,bf2532cb0e7fd3a76a2cf1bbb53cff1cd77fe67b3f152f802c084ef196860ed5,NO_CONFIRMED_SECRET,yes,no,no,,explicit task authorization; package bytes preserved relative to the author-provided snapshot
SRC002,rest_2154:notion-export,rest_2154:notion-export,UASSB_00018985,ASB04_002790,UASSB_00018985,ASB04_002790,packages/rest_2154/notion-export,yes,yes,HIGH,yes,no,true,true,no,EXACT_TO_PRESERVED_SNAPSHOT,cce6f9e5355f152097aa353592a5f2565b38ba8b17a6224ae4da945504c87ecc,,bf2532cb0e7fd3a76a2cf1bbb53cff1cd77fe67b3f152f802c084ef196860ed5,NO_CONFIRMED_SECRET,yes,no,no,,explicit task authorization; package bytes preserved relative to the author-provided snapshot
SRC002,rest_2313:database,rest_2313:database,UASSB_00020208,ASB04_005215,UASSB_00020208,ASB04_005215,packages/rest_2313/database,yes,yes,HIGH,yes,no,true,true,no,EXACT_TO_PRESERVED_SNAPSHOT,f782167d8389483567bb3a182f4a60fe388c0ea6de585de21f0f1124ed2140a0,,bf2532cb0e7fd3a76a2cf1bbb53cff1cd77fe67b3f152f802c084ef196860ed5,NO_CONFIRMED_SECRET,yes,no,no,,explicit task authorization; package bytes preserved relative to the author-provided snapshot
SRC002,rest_2347:sacred-space-protocol,rest_2347:sacred-space-protocol,UASSB_00020375,ASB04_002582,UASSB_00020375,ASB04_002582,packages/rest_2347/sacred-space-protocol,yes,yes,HIGH,yes,no,true,true,no,EXACT_TO_PRESERVED_SNAPSHOT,c2868de60a76f827d3c3188e7d6c2ed0ed71fe1a9e76392522c03732d1a31d95,,bf2532cb0e7fd3a76a2cf1bbb53cff1cd77fe67b3f152f802c084ef196860ed5,NO_CONFIRMED_SECRET,yes,no,no,,explicit task authorization; package bytes preserved relative to the author-provided snapshot
SRC002,rest_234:flow-nexus-platform,rest_234:flow-nexus-platform,UASSB_00020413,ASB04_001790,UASSB_00020413,ASB04_001790,packages/rest_234/flow-nexus-platform,yes,yes,HIGH,yes,no,true,true,no,EXACT_TO_PRESERVED_SNAPSHOT,74ed8bc21cc808d44ce9264df1ed60bed9c0a4f18bcba3884a5b3e5415a7113c,,bf2532cb0e7fd3a76a2cf1bbb53cff1cd77fe67b3f152f802c084ef196860ed5,PUBLIC_EXAMPLE_CREDENTIAL,yes,no,no,,explicit task authorization; package bytes preserved relative to the author-provided snapshot
SRC002,rest_2872:pptx,rest_2872:pptx,UASSB_00024948,ASB04_003205,UASSB_00024948,ASB04_003205,packages/rest_2872/pptx,yes,yes,HIGH,yes,no,true,true,no,EXACT_TO_PRESERVED_SNAPSHOT,d63ece21bb0ae7e40c4efebce05accbc749cc0e50291da00a05a03bc00460b93,,bf2532cb0e7fd3a76a2cf1bbb53cff1cd77fe67b3f152f802c084ef196860ed5,NO_CONFIRMED_SECRET,yes,no,no,,explicit task authorization; package bytes preserved relative to the author-provided snapshot
SRC002,rest_3016:test-strategy,rest_3016:test-strategy,UASSB_00026246,ASB04_002010,UASSB_00026246,ASB04_002010,packages/rest_3016/test-strategy,yes,yes,HIGH,yes,no,true,true,no,EXACT_TO_PRESERVED_SNAPSHOT,ec4377c08280b6bb28051e773921d5e76484850ec20e7e7331784d06ebcffa42,,bf2532cb0e7fd3a76a2cf1bbb53cff1cd77fe67b3f152f802c084ef196860ed5,NO_CONFIRMED_SECRET,yes,no,no,,explicit task authorization; package bytes preserved relative to the author-provided snapshot
SRC002,rest_3018:e2e-validator,rest_3018:e2e-validator,UASSB_00026286,ASB04_002647,UASSB_00026286,ASB04_002647,packages/rest_3018/e2e-validator,yes,yes,HIGH,yes,no,true,true,no,EXACT_TO_PRESERVED_SNAPSHOT,f8e4803a2b5a872eb965111e8b33361c54398517be208b40a1e1949b369529a5,,bf2532cb0e7fd3a76a2cf1bbb53cff1cd77fe67b3f152f802c084ef196860ed5,NO_CONFIRMED_SECRET,yes,no,no,,explicit task authorization; package bytes preserved relative to the author-provided snapshot
SRC002,rest_3103:github-code-review,rest_3103:github-code-review,UASSB_00027125,ASB04_003321,UASSB_00027125,ASB04_003321,packages/rest_3103/github-code-review,yes,yes,HIGH,yes,no,true,true,no,EXACT_TO_PRESERVED_SNAPSHOT,6bb471f8451b4ff4c8b12ec402f767bc0b116ab5795cdcc640432772b02c8209,,bf2532cb0e7fd3a76a2cf1bbb53cff1cd77fe67b3f152f802c084ef196860ed5,NO_CONFIRMED_SECRET,yes,no,no,,explicit task authorization; package bytes preserved relative to the author-provided snapshot
SRC002,rest_330:tailadmin-patterns,rest_330:tailadmin-patterns,UASSB_00028223,ASB04_001880,UASSB_00028223,ASB04_001880,packages/rest_330/tailadmin-patterns,yes,yes,HIGH,yes,no,true,true,no,EXACT_TO_PRESERVED_SNAPSHOT,9d1aeec2a1bd401e6692836a53ccfc48e605ade45242e47cfe9c8955f67afad3,,bf2532cb0e7fd3a76a2cf1bbb53cff1cd77fe67b3f152f802c084ef196860ed5,NO_CONFIRMED_SECRET,yes,no,no,,explicit task authorization; package bytes preserved relative to the author-provided snapshot
SRC002,rest_342:using-superpowers,rest_342:using-superpowers,UASSB_00028320,ASB04_003947,UASSB_00028320,ASB04_003947,packages/rest_342/using-superpowers,yes,yes,HIGH,yes,no,true,true,no,EXACT_TO_PRESERVED_SNAPSHOT,1baa2e332762c349723f9b24c4c46c9417a32d403d54f07f5ccd64aa2f338727,,bf2532cb0e7fd3a76a2cf1bbb53cff1cd77fe67b3f152f802c084ef196860ed5,NO_CONFIRMED_SECRET,yes,no,no,,explicit task authorization; package bytes preserved relative to the author-provided snapshot
SRC002,rest_416:developer-growth-analysis,rest_416:developer-growth-analysis,UASSB_00029094,ASB04_003838,UASSB_00029094,ASB04_003838,packages/rest_416/developer-growth-analysis,yes,yes,HIGH,yes,no,true,true,no,EXACT_TO_PRESERVED_SNAPSHOT,086251c6eafe499e5e3ab38303028e332c74bf98fec4e4884f69537026b02775,,bf2532cb0e7fd3a76a2cf1bbb53cff1cd77fe67b3f152f802c084ef196860ed5,NO_CONFIRMED_SECRET,yes,no,no,,explicit task authorization; package bytes preserved relative to the author-provided snapshot
SRC002,rest_422:legacy_v1,rest_422:legacy_v1,UASSB_00029371,ASB04_002518,UASSB_00029371,ASB04_002518,packages/rest_422/legacy_v1,yes,yes,HIGH,yes,no,true,true,no,SANITIZED_NOT_BIT_IDENTICAL,19967304be662f21538e216125dc9a0bce7e7ed93b913d8aba411a90c76bbcc8,63d27156a533206f014187e45341a892c077a9adf7f56814e50346ee8df1e3eb,bf2532cb0e7fd3a76a2cf1bbb53cff1cd77fe67b3f152f802c084ef196860ed5,SANITIZED_REAL_OR_LIKELY_REAL_SECRET,no,yes,no,SESSION_STATE.md,explicit task authorization; sanitized candidate excludes original credential-bearing bytes
SRC002,rest_658:vercel-deploy,rest_658:vercel-deploy,UASSB_00031018,ASB04_006027,UASSB_00031018,ASB04_006027,packages/rest_658/vercel-deploy,yes,yes,HIGH,yes,no,true,true,no,EXACT_TO_PRESERVED_SNAPSHOT,ffa8415144ba132498522a4a2c17ea036e0a6d9a160bfce975633bcbb9b4e1d3,,bf2532cb0e7fd3a76a2cf1bbb53cff1cd77fe67b3f152f802c084ef196860ed5,NO_CONFIRMED_SECRET,yes,no,no,,explicit task authorization; package bytes preserved relative to the author-provided snapshot
SRC002,rest_73:project-init,rest_73:project-init,UASSB_00031462,ASB04_000774,UASSB_00006661,ASB04_000774,packages/rest_73/project-init,yes,yes,HIGH,yes,yes,true,true,yes,EXACT_TO_PRESERVED_SNAPSHOT,65014b97ccc2aedb280c01f75c2ac480c2b798078e66fd819f4f2eb9290b8b15,,bf2532cb0e7fd3a76a2cf1bbb53cff1cd77fe67b3f152f802c084ef196860ed5,NO_CONFIRMED_SECRET,yes,no,no,,accepted author-provided historical snapshot; cross-source duplicate retained in source release and mapped to explicit primary benchmark identity
SRC002,rest_889:privilege-escalation-methods,rest_889:privilege-escalation-methods,UASSB_00032398,ASB04_005142,UASSB_00006619,ASB04_005142,packages/rest_889/privilege-escalation-methods,yes,yes,HIGH,yes,yes,true,true,yes,EXACT_TO_PRESERVED_SNAPSHOT,1b98ec24e337c77ae8b9f1b89e5d65d8c00deb2c9ea54682af048bef8cc2c34a,,bf2532cb0e7fd3a76a2cf1bbb53cff1cd77fe67b3f152f802c084ef196860ed5,NO_CONFIRMED_SECRET,yes,no,no,,accepted author-provided historical snapshot; cross-source duplicate retained in source release and mapped to explicit primary benchmark identity
SRC002,smp_10280:flow-nexus-swarm,smp_10280:flow-nexus-swarm,UASSB_00035249,ASB04_006882,UASSB_00035249,ASB04_006882,packages/smp_10280/flow-nexus-swarm,yes,yes,HIGH,yes,no,true,true,no,EXACT_TO_PRESERVED_SNAPSHOT,258d34b5d1522ab30d2336f96e6912291fda25a47e3d87edee40c8705d782ae7,,bf2532cb0e7fd3a76a2cf1bbb53cff1cd77fe67b3f152f802c084ef196860ed5,NO_CONFIRMED_SECRET,yes,no,no,,explicit task authorization; package bytes preserved relative to the author-provided snapshot
SRC002,smp_1139:bsa-brainstorm,smp_1139:bsa-brainstorm,UASSB_00036601,ASB04_001441,UASSB_00036601,ASB04_001441,packages/smp_1139/bsa-brainstorm,yes,yes,HIGH,yes,no,true,true,no,EXACT_TO_PRESERVED_SNAPSHOT,781c274e96a08891e2cdc5e062def71b184ccb684cecc11914da245eb5f4d2fb,,bf2532cb0e7fd3a76a2cf1bbb53cff1cd77fe67b3f152f802c084ef196860ed5,NO_CONFIRMED_SECRET,yes,no,no,,explicit task authorization; package bytes preserved relative to the author-provided snapshot
SRC002,smp_1160:hacs,smp_1160:hacs,UASSB_00036763,ASB04_004548,UASSB_00036763,ASB04_004548,packages/smp_1160/hacs,yes,yes,HIGH,yes,no,true,true,no,EXACT_TO_PRESERVED_SNAPSHOT,7b4d34e217fc60962675b29a4d9d470dc35a02dc4b1314d21f5ed951fb7096d5,,bf2532cb0e7fd3a76a2cf1bbb53cff1cd77fe67b3f152f802c084ef196860ed5,NO_CONFIRMED_SECRET,yes,no,no,,explicit task authorization; package bytes preserved relative to the author-provided snapshot
SRC002,smp_1535:jetaasc-newsletter,smp_1535:jetaasc-newsletter,UASSB_00039219,ASB04_000086,UASSB_00039219,ASB04_000086,packages/smp_1535/jetaasc-newsletter,yes,yes,HIGH,yes,no,true,true,no,EXACT_TO_PRESERVED_SNAPSHOT,a27e4641ec99ad294ec7e37b892724be322ea5df5ec41837432cd2012e552dff,,bf2532cb0e7fd3a76a2cf1bbb53cff1cd77fe67b3f152f802c084ef196860ed5,NO_CONFIRMED_SECRET,yes,no,no,,explicit task authorization; package bytes preserved relative to the author-provided snapshot
SRC002,smp_170:acorns,smp_170:acorns,UASSB_00040665,ASB04_001487,UASSB_00040665,ASB04_001487,packages/smp_170/acorns,yes,yes,HIGH,yes,no,true,true,no,EXACT_TO_PRESERVED_SNAPSHOT,25aa5c5131b97957a3a8184504c7a9cfda549271b9e69c469034faf4806a6b31,,bf2532cb0e7fd3a76a2cf1bbb53cff1cd77fe67b3f152f802c084ef196860ed5,NO_CONFIRMED_SECRET,yes,no,no,,explicit task authorization; package bytes preserved relative to the author-provided snapshot
SRC002,smp_170:adobesign,smp_170:adobesign,UASSB_00040670,ASB04_006076,UASSB_00040670,ASB04_006076,packages/smp_170/adobesign,yes,yes,HIGH,yes,no,true,true,no,EXACT_TO_PRESERVED_SNAPSHOT,83a16d3e78a21c311d2cfb19f52c3b32fdf37334ceb9989b00261707ceaea659,,bf2532cb0e7fd3a76a2cf1bbb53cff1cd77fe67b3f152f802c084ef196860ed5,NO_CONFIRMED_SECRET,yes,no,no,,explicit task authorization; package bytes preserved relative to the author-provided snapshot
SRC002,smp_170:american-airlines,smp_170:american-airlines,UASSB_00040681,ASB04_003622,UASSB_00040681,ASB04_003622,packages/smp_170/american-airlines,yes,yes,HIGH,yes,no,true,true,no,EXACT_TO_PRESERVED_SNAPSHOT,476d185f88dbeec36666fd19ca1d55edae893efba8a8341b772a2973714cca6e,,bf2532cb0e7fd3a76a2cf1bbb53cff1cd77fe67b3f152f802c084ef196860ed5,NO_CONFIRMED_SECRET,yes,no,no,,explicit task authorization; package bytes preserved relative to the author-provided snapshot
SRC002,smp_170:amtrak,smp_170:amtrak,UASSB_00040683,ASB04_000954,UASSB_00040683,ASB04_000954,packages/smp_170/amtrak,yes,yes,HIGH,yes,no,true,true,no,EXACT_TO_PRESERVED_SNAPSHOT,eb9de8abfeef0c4f25f5d5162939178866cd8ed29b930feecd0665ea2bd1ebe3,,bf2532cb0e7fd3a76a2cf1bbb53cff1cd77fe67b3f152f802c084ef196860ed5,NO_CONFIRMED_SECRET,yes,no,no,,explicit task authorization; package bytes preserved relative to the author-provided snapshot
SRC002,smp_170:apple-music,smp_170:apple-music,UASSB_00040689,ASB04_004287,UASSB_00040689,ASB04_004287,packages/smp_170/apple-music,yes,yes,HIGH,yes,no,true,true,no,EXACT_TO_PRESERVED_SNAPSHOT,e343e158e792920ed2aa7d188ba6be61914df5b017c940c3d8abe1819b352999,,bf2532cb0e7fd3a76a2cf1bbb53cff1cd77fe67b3f152f802c084ef196860ed5,NO_CONFIRMED_SECRET,yes,no,no,,explicit task authorization; package bytes preserved relative to the author-provided snapshot
SRC002,smp_170:apple-tv-plus,smp_170:apple-tv-plus,UASSB_00040691,ASB04_006405,UASSB_00040691,ASB04_006405,packages/smp_170/apple-tv-plus,yes,yes,HIGH,yes,no,true,true,no,EXACT_TO_PRESERVED_SNAPSHOT,eda54da185689f28fcd8f2f2c2bd984744788f5ef8862e8fa86e25304ab7fd01,,bf2532cb0e7fd3a76a2cf1bbb53cff1cd77fe67b3f152f802c084ef196860ed5,NO_CONFIRMED_SECRET,yes,no,no,,explicit task authorization; package bytes preserved relative to the author-provided snapshot
SRC002,smp_170:audible,smp_170:audible,UASSB_00040694,ASB04_005517,UASSB_00040694,ASB04_005517,packages/smp_170/audible,yes,yes,HIGH,yes,no,true,true,no,EXACT_TO_PRESERVED_SNAPSHOT,487dd45fe1d2f5d097b3814299d51bb2e8cd2c9aa31e16795eb6a43b6339bf44,,bf2532cb0e7fd3a76a2cf1bbb53cff1cd77fe67b3f152f802c084ef196860ed5,NO_CONFIRMED_SECRET,yes,no,no,,explicit task authorization; package bytes preserved relative to the author-provided snapshot
SRC002,smp_170:autotrader,smp_170:autotrader,UASSB_00040696,ASB04_006437,UASSB_00040696,ASB04_006437,packages/smp_170/autotrader,yes,yes,HIGH,yes,no,true,true,no,EXACT_TO_PRESERVED_SNAPSHOT,a382e81f8b233e96b1bfdf4219c7b9002583886c368e35bcb822f984ab619d36,,bf2532cb0e7fd3a76a2cf1bbb53cff1cd77fe67b3f152f802c084ef196860ed5,NO_CONFIRMED_SECRET,yes,no,no,,explicit task authorization; package bytes preserved relative to the author-provided snapshot
SRC002,smp_170:behance,smp_170:behance,UASSB_00040703,ASB04_006361,UASSB_00040703,ASB04_006361,packages/smp_170/behance,yes,yes,HIGH,yes,no,true,true,no,EXACT_TO_PRESERVED_SNAPSHOT,82a9e96c11a7a9e2d64ef2db3c32fd59c3da284d5678cde7243820b3256c4701,,bf2532cb0e7fd3a76a2cf1bbb53cff1cd77fe67b3f152f802c084ef196860ed5,NO_CONFIRMED_SECRET,yes,no,no,,explicit task authorization; package bytes preserved relative to the author-provided snapshot
SRC002,smp_170:brilliant,smp_170:brilliant,UASSB_00040715,ASB04_000493,UASSB_00040715,ASB04_000493,packages/smp_170/brilliant,yes,yes,HIGH,yes,no,true,true,no,EXACT_TO_PRESERVED_SNAPSHOT,1a5ac62d4392f7c80a3b3517d5bf51e2b85b1595fcdbf3823c378169bd9d87ad,,bf2532cb0e7fd3a76a2cf1bbb53cff1cd77fe67b3f152f802c084ef196860ed5,NO_CONFIRMED_SECRET,yes,no,no,,explicit task authorization; package bytes preserved relative to the author-provided snapshot
SRC002,smp_170:care-com,smp_170:care-com,UASSB_00040728,ASB04_000034,UASSB_00040728,ASB04_000034,packages/smp_170/care-com,yes,yes,HIGH,yes,no,true,true,no,EXACT_TO_PRESERVED_SNAPSHOT,ad9853b69fcdf3ef42cf1d20aeb7404a41dcef28ffe570362b5cde7baf05944f,,bf2532cb0e7fd3a76a2cf1bbb53cff1cd77fe67b3f152f802c084ef196860ed5,NO_CONFIRMED_SECRET,yes,no,no,,explicit task authorization; package bytes preserved relative to the author-provided snapshot
SRC002,smp_170:carfax,smp_170:carfax,UASSB_00040729,ASB04_002580,UASSB_00040729,ASB04_002580,packages/smp_170/carfax,yes,yes,HIGH,yes,no,true,true,no,EXACT_TO_PRESERVED_SNAPSHOT,f96e3e1a238b8f1d463c2e259c901805b0af54d52e308461ba30818053a2902d,,bf2532cb0e7fd3a76a2cf1bbb53cff1cd77fe67b3f152f802c084ef196860ed5,NO_CONFIRMED_SECRET,yes,no,no,,explicit task authorization; package bytes preserved relative to the author-provided snapshot
SRC002,smp_170:caviar,smp_170:caviar,UASSB_00040734,ASB04_006709,UASSB_00040734,ASB04_006709,packages/smp_170/caviar,yes,yes,HIGH,yes,no,true,true,no,EXACT_TO_PRESERVED_SNAPSHOT,47d11cb23eede0dadf089ce05d3342f57a7c98332830afb880e60a0c5e9e3ab4,,bf2532cb0e7fd3a76a2cf1bbb53cff1cd77fe67b3f152f802c084ef196860ed5,NO_CONFIRMED_SECRET,yes,no,no,,explicit task authorization; package bytes preserved relative to the author-provided snapshot
SRC002,smp_170:compass,smp_170:compass,UASSB_00040747,ASB04_002068,UASSB_00040747,ASB04_002068,packages/smp_170/compass,yes,yes,HIGH,yes,no,true,true,no,EXACT_TO_PRESERVED_SNAPSHOT,07d744be165fab33c9e63a91bae26fbcfb5cb14596a776c57c45368c6fdfc69f,,bf2532cb0e7fd3a76a2cf1bbb53cff1cd77fe67b3f152f802c084ef196860ed5,NO_CONFIRMED_SECRET,yes,no,no,,explicit task authorization; package bytes preserved relative to the author-provided snapshot
SRC002,smp_170:coursera,smp_170:coursera,UASSB_00040756,ASB04_003470,UASSB_00040756,ASB04_003470,packages/smp_170/coursera,yes,yes,HIGH,yes,no,true,true,no,EXACT_TO_PRESERVED_SNAPSHOT,c6466890fe5f711b0e3280e0dc25e75167c5caea2e7177f36aef72392b13a0a1,,bf2532cb0e7fd3a76a2cf1bbb53cff1cd77fe67b3f152f802c084ef196860ed5,NO_CONFIRMED_SECRET,yes,no,no,,explicit task authorization; package bytes preserved relative to the author-provided snapshot
SRC002,smp_170:crunchyroll,smp_170:crunchyroll,UASSB_00040761,ASB04_003462,UASSB_00040761,ASB04_003462,packages/smp_170/crunchyroll,yes,yes,HIGH,yes,no,true,true,no,EXACT_TO_PRESERVED_SNAPSHOT,d4e36d646f1b6fd6c74b03780f9e5afbf08fbc0aae16e28cd1be10ffaa11eb16,,bf2532cb0e7fd3a76a2cf1bbb53cff1cd77fe67b3f152f802c084ef196860ed5,NO_CONFIRMED_SECRET,yes,no,no,,explicit task authorization; package bytes preserved relative to the author-provided snapshot
SRC002,smp_170:digitalocean,smp_170:digitalocean,UASSB_00040772,ASB04_001477,UASSB_00040772,ASB04_001477,packages/smp_170/digitalocean,yes,yes,HIGH,yes,no,true,true,no,EXACT_TO_PRESERVED_SNAPSHOT,bee6db9ff9d1273abeb8fa1ae8430ee3c788f1bb9cef197c5692a384abebb476,,bf2532cb0e7fd3a76a2cf1bbb53cff1cd77fe67b3f152f802c084ef196860ed5,NO_CONFIRMED_SECRET,yes,no,no,,explicit task authorization; package bytes preserved relative to the author-provided snapshot
SRC002,smp_170:discord-nitro,smp_170:discord-nitro,UASSB_00040774,ASB04_002563,UASSB_00040774,ASB04_002563,packages/smp_170/discord-nitro,yes,yes,HIGH,yes,no,true,true,no,EXACT_TO_PRESERVED_SNAPSHOT,356f6a0b956360c6a1050d9ef3e737f3aebed3d70dedb3eeb38c6a18f3d8e060,,bf2532cb0e7fd3a76a2cf1bbb53cff1cd77fe67b3f152f802c084ef196860ed5,NO_CONFIRMED_SECRET,yes,no,no,,explicit task authorization; package bytes preserved relative to the author-provided snapshot
SRC002,smp_170:docusign,smp_170:docusign,UASSB_00040776,ASB04_003855,UASSB_00040776,ASB04_003855,packages/smp_170/docusign,yes,yes,HIGH,yes,no,true,true,no,EXACT_TO_PRESERVED_SNAPSHOT,2cf14d8763fac3b932bbec58ff5d28ce11c467f490fd988e5fbf0e4f0782938d,,bf2532cb0e7fd3a76a2cf1bbb53cff1cd77fe67b3f152f802c084ef196860ed5,NO_CONFIRMED_SECRET,yes,no,no,,explicit task authorization; package bytes preserved relative to the author-provided snapshot
SRC002,smp_170:expedia,smp_170:expedia,UASSB_00040792,ASB04_007242,UASSB_00040792,ASB04_007242,packages/smp_170/expedia,yes,yes,HIGH,yes,no,true,true,no,EXACT_TO_PRESERVED_SNAPSHOT,b3ce0649f7cabb536e9cb71927dc5c0700bbfa6e5392c9c3e7ec16d97ffeaa70,,bf2532cb0e7fd3a76a2cf1bbb53cff1cd77fe67b3f152f802c084ef196860ed5,NO_CONFIRMED_SECRET,yes,no,no,,explicit task authorization; package bytes preserved relative to the author-provided snapshot
SRC002,smp_170:facebook,smp_170:facebook,UASSB_00040794,ASB04_002538,UASSB_00040794,ASB04_002538,packages/smp_170/facebook,yes,yes,HIGH,yes,no,true,true,no,EXACT_TO_PRESERVED_SNAPSHOT,e52bf08959923017882e73da33ce96d3ddaac53ccb99ce536e0b5d92b39fa6e3,,bf2532cb0e7fd3a76a2cf1bbb53cff1cd77fe67b3f152f802c084ef196860ed5,NO_CONFIRMED_SECRET,yes,no,no,,explicit task authorization; package bytes preserved relative to the author-provided snapshot
SRC002,smp_170:favor,smp_170:favor,UASSB_00040797,ASB04_005231,UASSB_00040797,ASB04_005231,packages/smp_170/favor,yes,yes,HIGH,yes,no,true,true,no,EXACT_TO_PRESERVED_SNAPSHOT,0d631350323a25bfd30786642354d3f8af1c3fdd2816b7531ef1f14bf8971950,,bf2532cb0e7fd3a76a2cf1bbb53cff1cd77fe67b3f152f802c084ef196860ed5,NO_CONFIRMED_SECRET,yes,no,no,,explicit task authorization; package bytes preserved relative to the author-provided snapshot
SRC002,smp_170:fidelity,smp_170:fidelity,UASSB_00040799,ASB04_001156,UASSB_00040799,ASB04_001156,packages/smp_170/fidelity,yes,yes,HIGH,yes,no,true,true,no,EXACT_TO_PRESERVED_SNAPSHOT,e61ce864c94f4f02a5d8ca2fccec833e4d3f2e56f11b64387e1002e022fe8ea6,,bf2532cb0e7fd3a76a2cf1bbb53cff1cd77fe67b3f152f802c084ef196860ed5,NO_CONFIRMED_SECRET,yes,no,no,,explicit task authorization; package bytes preserved relative to the author-provided snapshot
SRC002,smp_170:firebase,smp_170:firebase,UASSB_00040801,ASB04_006979,UASSB_00040801,ASB04_006979,packages/smp_170/firebase,yes,yes,HIGH,yes,no,true,true,no,EXACT_TO_PRESERVED_SNAPSHOT,a9fbded86956434769a5957d73a5ec9ec5cf8c932101d784bb4c7ed3138b2a0a,,bf2532cb0e7fd3a76a2cf1bbb53cff1cd77fe67b3f152f802c084ef196860ed5,NO_CONFIRMED_SECRET,yes,no,no,,explicit task authorization; package bytes preserved relative to the author-provided snapshot
SRC002,smp_170:freshsales,smp_170:freshsales,UASSB_00040809,ASB04_002754,UASSB_00040809,ASB04_002754,packages/smp_170/freshsales,yes,yes,HIGH,yes,no,true,true,no,EXACT_TO_PRESERVED_SNAPSHOT,fa5b85255ccf793e98f7d67d8199ee371f70142e5cb37f923d00106960554e47,,bf2532cb0e7fd3a76a2cf1bbb53cff1cd77fe67b3f152f802c084ef196860ed5,NO_CONFIRMED_SECRET,yes,no,no,,explicit task authorization; package bytes preserved relative to the author-provided snapshot
SRC002,smp_170:funimation,smp_170:funimation,UASSB_00040812,ASB04_004834,UASSB_00040812,ASB04_004834,packages/smp_170/funimation,yes,yes,HIGH,yes,no,true,true,no,EXACT_TO_PRESERVED_SNAPSHOT,a1cb508ce81feee69c21b164366eac518ed9e9b8338e3c9f16fb8cee6151554c,,bf2532cb0e7fd3a76a2cf1bbb53cff1cd77fe67b3f152f802c084ef196860ed5,NO_CONFIRMED_SECRET,yes,no,no,,explicit task authorization; package bytes preserved relative to the author-provided snapshot
SRC002,smp_170:geforce-now,smp_170:geforce-now,UASSB_00040816,ASB04_006745,UASSB_00040816,ASB04_006745,packages/smp_170/geforce-now,yes,yes,HIGH,yes,no,true,true,no,EXACT_TO_PRESERVED_SNAPSHOT,1d9e7c73853d3e8c460c7c24d32d817b0bf23a8ee9c4b961b26ede7e3e911eb0,,bf2532cb0e7fd3a76a2cf1bbb53cff1cd77fe67b3f152f802c084ef196860ed5,NO_CONFIRMED_SECRET,yes,no,no,,explicit task authorization; package bytes preserved relative to the author-provided snapshot
SRC002,smp_170:google-analytics,smp_170:google-analytics,UASSB_00040832,ASB04_002118,UASSB_00040832,ASB04_002118,packages/smp_170/google-analytics,yes,yes,HIGH,yes,no,true,true,no,EXACT_TO_PRESERVED_SNAPSHOT,4e292eeb97e534611ff999c5c7763b795f2ebb18ba3b999fafb49f1a730d2025,,bf2532cb0e7fd3a76a2cf1bbb53cff1cd77fe67b3f152f802c084ef196860ed5,NO_CONFIRMED_SECRET,yes,no,no,,explicit task authorization; package bytes preserved relative to the author-provided snapshot
SRC002,smp_170:google-news,smp_170:google-news,UASSB_00040844,ASB04_003260,UASSB_00040844,ASB04_003260,packages/smp_170/google-news,yes,yes,HIGH,yes,no,true,true,no,EXACT_TO_PRESERVED_SNAPSHOT,02f3048795abf12214ca5d546e5baffb1702edbb37619584d024a7d105428dd3,,bf2532cb0e7fd3a76a2cf1bbb53cff1cd77fe67b3f152f802c084ef196860ed5,NO_CONFIRMED_SECRET,yes,no,no,,explicit task authorization; package bytes preserved relative to the author-provided snapshot
SRC002,smp_170:grammarly,smp_170:grammarly,UASSB_00040853,ASB04_000181,UASSB_00040853,ASB04_000181,packages/smp_170/grammarly,yes,yes,HIGH,yes,no,true,true,no,EXACT_TO_PRESERVED_SNAPSHOT,8b41fa87cbe75f5c069db377305311d9cd25ecdc90ef7ba58cee5379555e1f19,,bf2532cb0e7fd3a76a2cf1bbb53cff1cd77fe67b3f152f802c084ef196860ed5,NO_CONFIRMED_SECRET,yes,no,no,,explicit task authorization; package bytes preserved relative to the author-provided snapshot
SRC002,smp_170:grubhub,smp_170:grubhub,UASSB_00040857,ASB04_004894,UASSB_00040857,ASB04_004894,packages/smp_170/grubhub,yes,yes,HIGH,yes,no,true,true,no,EXACT_TO_PRESERVED_SNAPSHOT,20763654474182a77c7b8cb4aae8d96521b4d35cce4c7d1664972f20e4bf8a28,,bf2532cb0e7fd3a76a2cf1bbb53cff1cd77fe67b3f152f802c084ef196860ed5,NO_CONFIRMED_SECRET,yes,no,no,,explicit task authorization; package bytes preserved relative to the author-provided snapshot
SRC002,smp_170:hashnode,smp_170:hashnode,UASSB_00040861,ASB04_003859,UASSB_00040861,ASB04_003859,packages/smp_170/hashnode,yes,yes,HIGH,yes,no,true,true,no,EXACT_TO_PRESERVED_SNAPSHOT,c8cd3e0df7109e9b27089bcc4e3db058a56528621c1a6cba20bd5ba765b2081e,,bf2532cb0e7fd3a76a2cf1bbb53cff1cd77fe67b3f152f802c084ef196860ed5,NO_CONFIRMED_SECRET,yes,no,no,,explicit task authorization; package bytes preserved relative to the author-provided snapshot
SRC002,smp_170:hemingway,smp_170:hemingway,UASSB_00040870,ASB04_004634,UASSB_00040870,ASB04_004634,packages/smp_170/hemingway,yes,yes,HIGH,yes,no,true,true,no,EXACT_TO_PRESERVED_SNAPSHOT,145bf58ab259e669c783750878b618864807151c5bbf2f29e123e015675e6eec,,bf2532cb0e7fd3a76a2cf1bbb53cff1cd77fe67b3f152f802c084ef196860ed5,NO_CONFIRMED_SECRET,yes,no,no,,explicit task authorization; package bytes preserved relative to the author-provided snapshot
SRC002,smp_170:heygen,smp_170:heygen,UASSB_00040872,ASB04_005883,UASSB_00040872,ASB04_005883,packages/smp_170/heygen,yes,yes,HIGH,yes,no,true,true,no,EXACT_TO_PRESERVED_SNAPSHOT,a50792bdfed519f0ef3240d651f22df395db4983056a185cf6f36464ebd89416,,bf2532cb0e7fd3a76a2cf1bbb53cff1cd77fe67b3f152f802c084ef196860ed5,NO_CONFIRMED_SECRET,yes,no,no,,explicit task authorization; package bytes preserved relative to the author-provided snapshot
SRC002,smp_170:homeadvisor,smp_170:homeadvisor,UASSB_00040873,ASB04_002485,UASSB_00040873,ASB04_002485,packages/smp_170/homeadvisor,yes,yes,HIGH,yes,no,true,true,no,EXACT_TO_PRESERVED_SNAPSHOT,4bb0fba58239111cce6a3b17e179cbef5d169b920d08683505e03a8f5fab762f,,bf2532cb0e7fd3a76a2cf1bbb53cff1cd77fe67b3f152f802c084ef196860ed5,NO_CONFIRMED_SECRET,yes,no,no,,explicit task authorization; package bytes preserved relative to the author-provided snapshot
SRC002,smp_170:humble-bundle,smp_170:humble-bundle,UASSB_00040879,ASB04_003162,UASSB_00040879,ASB04_003162,packages/smp_170/humble-bundle,yes,yes,HIGH,yes,no,true,true,no,EXACT_TO_PRESERVED_SNAPSHOT,edaf8058ce9f285e981df14c1a58bb02cdac3e0ff191636216564f1b3c0d9d34,,bf2532cb0e7fd3a76a2cf1bbb53cff1cd77fe67b3f152f802c084ef196860ed5,NO_CONFIRMED_SECRET,yes,no,no,,explicit task authorization; package bytes preserved relative to the author-provided snapshot
SRC002,smp_170:hungryroot,smp_170:hungryroot,UASSB_00040880,ASB04_005967,UASSB_00040880,ASB04_005967,packages/smp_170/hungryroot,yes,yes,HIGH,yes,no,true,true,no,EXACT_TO_PRESERVED_SNAPSHOT,15f4590179d903092d11d0e45f667361c7c1cbf7a4515dbdd8d229688b67049e,,bf2532cb0e7fd3a76a2cf1bbb53cff1cd77fe67b3f152f802c084ef196860ed5,NO_CONFIRMED_SECRET,yes,no,no,,explicit task authorization; package bytes preserved relative to the author-provided snapshot
SRC002,smp_170:indeed,smp_170:indeed,UASSB_00040882,ASB04_006895,UASSB_00040882,ASB04_006895,packages/smp_170/indeed,yes,yes,HIGH,yes,no,true,true,no,EXACT_TO_PRESERVED_SNAPSHOT,7f652ded58276fb84436e00bdad355411e85ff9623b19ee0297c231797ca0b97,,bf2532cb0e7fd3a76a2cf1bbb53cff1cd77fe67b3f152f802c084ef196860ed5,NO_CONFIRMED_SECRET,yes,no,no,,explicit task authorization; package bytes preserved relative to the author-provided snapshot
SRC002,smp_170:invision,smp_170:invision,UASSB_00040888,ASB04_001723,UASSB_00040888,ASB04_001723,packages/smp_170/invision,yes,yes,HIGH,yes,no,true,true,no,EXACT_TO_PRESERVED_SNAPSHOT,db33c717beecf4b4760ae06398bbae830d742b9cd4017eab7e417fe9757df1be,,bf2532cb0e7fd3a76a2cf1bbb53cff1cd77fe67b3f152f802c084ef196860ed5,NO_CONFIRMED_SECRET,yes,no,no,,explicit task authorization; package bytes preserved relative to the author-provided snapshot
SRC002,smp_170:itch-io,smp_170:itch-io,UASSB_00040890,ASB04_005835,UASSB_00040890,ASB04_005835,packages/smp_170/itch-io,yes,yes,HIGH,yes,no,true,true,no,EXACT_TO_PRESERVED_SNAPSHOT,b7f4cc79e2b87481d6abc684e6da7cd57b6c42a7d546504d82dc0f1bfd75f42b,,bf2532cb0e7fd3a76a2cf1bbb53cff1cd77fe67b3f152f802c084ef196860ed5,NO_CONFIRMED_SECRET,yes,no,no,,explicit task authorization; package bytes preserved relative to the author-provided snapshot
SRC002,smp_170:kayak,smp_170:kayak,UASSB_00040894,ASB04_000597,UASSB_00040894,ASB04_000597,packages/smp_170/kayak,yes,yes,HIGH,yes,no,true,true,no,EXACT_TO_PRESERVED_SNAPSHOT,ae87cb3bb4d310452f98a6b6c7deab7a6ec0a017426f9342676b1c08f1e613e4,,bf2532cb0e7fd3a76a2cf1bbb53cff1cd77fe67b3f152f802c084ef196860ed5,NO_CONFIRMED_SECRET,yes,no,no,,explicit task authorization; package bytes preserved relative to the author-provided snapshot
SRC002,smp_170:kindle,smp_170:kindle,UASSB_00040897,ASB04_006185,UASSB_00040897,ASB04_006185,packages/smp_170/kindle,yes,yes,HIGH,yes,no,true,true,no,EXACT_TO_PRESERVED_SNAPSHOT,62e07188c1a650c58bcd148cc0a266251ea52cc338294137d4231b1a936f52fc,,bf2532cb0e7fd3a76a2cf1bbb53cff1cd77fe67b3f152f802c084ef196860ed5,NO_CONFIRMED_SECRET,yes,no,no,,explicit task authorization; package bytes preserved relative to the author-provided snapshot
SRC002,smp_170:labcorp,smp_170:labcorp,UASSB_00040900,ASB04_003145,UASSB_00040900,ASB04_003145,packages/smp_170/labcorp,yes,yes,HIGH,yes,no,true,true,no,EXACT_TO_PRESERVED_SNAPSHOT,dfb8d778fffb0fa701025ec336bbedfd380812a1445083af59f4de312b88571e,,bf2532cb0e7fd3a76a2cf1bbb53cff1cd77fe67b3f152f802c084ef196860ed5,NO_CONFIRMED_SECRET,yes,no,no,,explicit task authorization; package bytes preserved relative to the author-provided snapshot
SRC002,smp_170:lawpay,smp_170:lawpay,UASSB_00040904,ASB04_004290,UASSB_00040904,ASB04_004290,packages/smp_170/lawpay,yes,yes,HIGH,yes,no,true,true,no,EXACT_TO_PRESERVED_SNAPSHOT,00c9f1ca2f63039753fe35d377cb561f7f3023526ca06691cc36db65969de04b,,bf2532cb0e7fd3a76a2cf1bbb53cff1cd77fe67b3f152f802c084ef196860ed5,NO_CONFIRMED_SECRET,yes,no,no,,explicit task authorization; package bytes preserved relative to the author-provided snapshot
SRC002,smp_170:linkedin,smp_170:linkedin,UASSB_00040909,ASB04_007399,UASSB_00040909,ASB04_007399,packages/smp_170/linkedin,yes,yes,HIGH,yes,no,true,true,no,EXACT_TO_PRESERVED_SNAPSHOT,672cdeee2e1acce5989a08ce908d973d5067200db95730579aa610b0452c074e,,bf2532cb0e7fd3a76a2cf1bbb53cff1cd77fe67b3f152f802c084ef196860ed5,NO_CONFIRMED_SECRET,yes,no,no,,explicit task authorization; package bytes preserved relative to the author-provided snapshot
SRC002,smp_170:mdlive,smp_170:mdlive,UASSB_00040925,ASB04_006769,UASSB_00040925,ASB04_006769,packages/smp_170/mdlive,yes,yes,HIGH,yes,no,true,true,no,EXACT_TO_PRESERVED_SNAPSHOT,0634f44c62ad27ea67f00e9063036d7e5c034804c5fc22e6f68292fce82e5253,,bf2532cb0e7fd3a76a2cf1bbb53cff1cd77fe67b3f152f802c084ef196860ed5,NO_CONFIRMED_SECRET,yes,no,no,,explicit task authorization; package bytes preserved relative to the author-provided snapshot
SRC002,smp_170:medium,smp_170:medium,UASSB_00040926,ASB04_006503,UASSB_00040926,ASB04_006503,packages/smp_170/medium,yes,yes,HIGH,yes,no,true,true,no,EXACT_TO_PRESERVED_SNAPSHOT,ee64267b4d8af92bef4b985b55ae08ed0029d42e4a0cf97ec667d3658dd0f216,,bf2532cb0e7fd3a76a2cf1bbb53cff1cd77fe67b3f152f802c084ef196860ed5,NO_CONFIRMED_SECRET,yes,no,no,,explicit task authorization; package bytes preserved relative to the author-provided snapshot
SRC002,smp_170:mercury,smp_170:mercury,UASSB_00040928,ASB04_003197,UASSB_00040928,ASB04_003197,packages/smp_170/mercury,yes,yes,HIGH,yes,no,true,true,no,EXACT_TO_PRESERVED_SNAPSHOT,0e93a946e9b4a89b083f8601dbaec19786f3eb419eb27d73e72cab3c3c46eb4d,,bf2532cb0e7fd3a76a2cf1bbb53cff1cd77fe67b3f152f802c084ef196860ed5,NO_CONFIRMED_SECRET,yes,no,no,,explicit task authorization; package bytes preserved relative to the author-provided snapshot
SRC002,smp_170:newegg,smp_170:newegg,UASSB_00040957,ASB04_001502,UASSB_00040957,ASB04_001502,packages/smp_170/newegg,yes,yes,HIGH,yes,no,true,true,no,EXACT_TO_PRESERVED_SNAPSHOT,73355eb9d3e653e2cdff57e9c783bac0bb73c51882efcca7f6a339610a5a901b,,bf2532cb0e7fd3a76a2cf1bbb53cff1cd77fe67b3f152f802c084ef196860ed5,NO_CONFIRMED_SECRET,yes,no,no,,explicit task authorization; package bytes preserved relative to the author-provided snapshot
SRC002,smp_170:nextdoor,smp_170:nextdoor,UASSB_00040959,ASB04_006713,UASSB_00040959,ASB04_006713,packages/smp_170/nextdoor,yes,yes,HIGH,yes,no,true,true,no,EXACT_TO_PRESERVED_SNAPSHOT,b6720ecea80e3615f1e8a04f207ec41afd7cb1b26eb70de876ed05da645667ba,,bf2532cb0e7fd3a76a2cf1bbb53cff1cd77fe67b3f152f802c084ef196860ed5,NO_CONFIRMED_SECRET,yes,no,no,,explicit task authorization; package bytes preserved relative to the author-provided snapshot
SRC002,smp_170:nike-run-club,smp_170:nike-run-club,UASSB_00040960,ASB04_001437,UASSB_00040960,ASB04_001437,packages/smp_170/nike-run-club,yes,yes,HIGH,yes,no,true,true,no,EXACT_TO_PRESERVED_SNAPSHOT,c5fd3230f50ec6b6d6f5db1108a7c41950384026bff831664958fe10364e7ada,,bf2532cb0e7fd3a76a2cf1bbb53cff1cd77fe67b3f152f802c084ef196860ed5,NO_CONFIRMED_SECRET,yes,no,no,,explicit task authorization; package bytes preserved relative to the author-provided snapshot
SRC002,smp_170:offerpad,smp_170:offerpad,UASSB_00040968,ASB04_005545,UASSB_00040968,ASB04_005545,packages/smp_170/offerpad,yes,yes,HIGH,yes,no,true,true,no,EXACT_TO_PRESERVED_SNAPSHOT,567c469878effd0e8fc4d76ab3566d08820d5caf4619d06185298e8f96c0c792,,bf2532cb0e7fd3a76a2cf1bbb53cff1cd77fe67b3f152f802c084ef196860ed5,NO_CONFIRMED_SECRET,yes,no,no,,explicit task authorization; package bytes preserved relative to the author-provided snapshot
SRC002,smp_170:outlook,smp_170:outlook,UASSB_00040972,ASB04_004774,UASSB_00040972,ASB04_004774,packages/smp_170/outlook,yes,yes,HIGH,yes,no,true,true,no,EXACT_TO_PRESERVED_SNAPSHOT,b53a9d8df3e8631f382ecb4378c6858e373a2c6ba30d75100359ac215686acff,,bf2532cb0e7fd3a76a2cf1bbb53cff1cd77fe67b3f152f802c084ef196860ed5,NO_CONFIRMED_SECRET,yes,no,no,,explicit task authorization; package bytes preserved relative to the author-provided snapshot
SRC002,smp_170:pandadoc,smp_170:pandadoc,UASSB_00040974,ASB04_001046,UASSB_00040974,ASB04_001046,packages/smp_170/pandadoc,yes,yes,HIGH,yes,no,true,true,no,EXACT_TO_PRESERVED_SNAPSHOT,9bc1a0b3446a2fc9380a55b6c5344329215d971df9124704082232fe322ad168,,bf2532cb0e7fd3a76a2cf1bbb53cff1cd77fe67b3f152f802c084ef196860ed5,NO_CONFIRMED_SECRET,yes,no,no,,explicit task authorization; package bytes preserved relative to the author-provided snapshot
SRC002,smp_170:pandora,smp_170:pandora,UASSB_00040975,ASB04_007273,UASSB_00040975,ASB04_007273,packages/smp_170/pandora,yes,yes,HIGH,yes,no,true,true,no,EXACT_TO_PRESERVED_SNAPSHOT,46b12f7c7eaea4bd0134e2d3298af30d2de14bf208e512d8d9038863a1122a2f,,bf2532cb0e7fd3a76a2cf1bbb53cff1cd77fe67b3f152f802c084ef196860ed5,NO_CONFIRMED_SECRET,yes,no,no,,explicit task authorization; package bytes preserved relative to the author-provided snapshot
SRC002,smp_170:peacock,smp_170:peacock,UASSB_00040978,ASB04_006106,UASSB_00040978,ASB04_006106,packages/smp_170/peacock,yes,yes,HIGH,yes,no,true,true,no,EXACT_TO_PRESERVED_SNAPSHOT,0aae0c5f328589021c14f7c5b09c161fb43c5957340b04c0a7846c8123abd8d6,,bf2532cb0e7fd3a76a2cf1bbb53cff1cd77fe67b3f152f802c084ef196860ed5,NO_CONFIRMED_SECRET,yes,no,no,,explicit task authorization; package bytes preserved relative to the author-provided snapshot
SRC002,smp_170:philips-hue,smp_170:philips-hue,UASSB_00040983,ASB04_005915,UASSB_00040983,ASB04_005915,packages/smp_170/philips-hue,yes,yes,HIGH,yes,no,true,true,no,EXACT_TO_PRESERVED_SNAPSHOT,0a521c7edfb00b609cf17ddfa8051e747295ebe924cae5c1500bcd581bd4abfa,,bf2532cb0e7fd3a76a2cf1bbb53cff1cd77fe67b3f152f802c084ef196860ed5,NO_CONFIRMED_SECRET,yes,no,no,,explicit task authorization; package bytes preserved relative to the author-provided snapshot
SRC002,smp_170:playstation,smp_170:playstation,UASSB_00040988,ASB04_006275,UASSB_00040988,ASB04_006275,packages/smp_170/playstation,yes,yes,HIGH,yes,no,true,true,no,EXACT_TO_PRESERVED_SNAPSHOT,c3dcd62ade515268d3016bea057f6e565442e2d97adb48ecec978e1d388527e4,,bf2532cb0e7fd3a76a2cf1bbb53cff1cd77fe67b3f152f802c084ef196860ed5,NO_CONFIRMED_SECRET,yes,no,no,,explicit task authorization; package bytes preserved relative to the author-provided snapshot
SRC002,smp_170:policygenius,smp_170:policygenius,UASSB_00040991,ASB04_001505,UASSB_00040991,ASB04_001505,packages/smp_170/policygenius,yes,yes,HIGH,yes,no,true,true,no,EXACT_TO_PRESERVED_SNAPSHOT,21ebe77e043e0aae9918536bbdd4dbc5caf0cec9d751f02fb6b98e4f326d318e,,bf2532cb0e7fd3a76a2cf1bbb53cff1cd77fe67b3f152f802c084ef196860ed5,NO_CONFIRMED_SECRET,yes,no,no,,explicit task authorization; package bytes preserved relative to the author-provided snapshot
SRC002,smp_170:progressive,smp_170:progressive,UASSB_00040995,ASB04_002631,UASSB_00040995,ASB04_002631,packages/smp_170/progressive,yes,yes,HIGH,yes,no,true,true,no,EXACT_TO_PRESERVED_SNAPSHOT,35e2682a53f0ca654c83d1a56cf4d565727a45381b532d118fab1755d1fd79d7,,bf2532cb0e7fd3a76a2cf1bbb53cff1cd77fe67b3f152f802c084ef196860ed5,NO_CONFIRMED_SECRET,yes,no,no,,explicit task authorization; package bytes preserved relative to the author-provided snapshot
SRC002,smp_170:repairpal,smp_170:repairpal,UASSB_00041008,ASB04_004635,UASSB_00041008,ASB04_004635,packages/smp_170/repairpal,yes,yes,HIGH,yes,no,true,true,no,EXACT_TO_PRESERVED_SNAPSHOT,c0ad7c7df094379de91f9376e7b04d47aa83a99a1e8e4b6825f8171a39781f7a,,bf2532cb0e7fd3a76a2cf1bbb53cff1cd77fe67b3f152f802c084ef196860ed5,NO_CONFIRMED_SECRET,yes,no,no,,explicit task authorization; package bytes preserved relative to the author-provided snapshot
SRC002,smp_170:reuters,smp_170:reuters,UASSB_00041010,ASB04_001042,UASSB_00041010,ASB04_001042,packages/smp_170/reuters,yes,yes,HIGH,yes,no,true,true,no,EXACT_TO_PRESERVED_SNAPSHOT,c3a30f92fc95171d8795e06dabe77d42c433f9ebe844b3376c025c01619ba519,,bf2532cb0e7fd3a76a2cf1bbb53cff1cd77fe67b3f152f802c084ef196860ed5,NO_CONFIRMED_SECRET,yes,no,no,,explicit task authorization; package bytes preserved relative to the author-provided snapshot
SRC002,smp_170:roblox,smp_170:roblox,UASSB_00041019,ASB04_005448,UASSB_00041019,ASB04_005448,packages/smp_170/roblox,yes,yes,HIGH,yes,no,true,true,no,EXACT_TO_PRESERVED_SNAPSHOT,b05256654685ce253f389e0ec7ca11d7be98ff27643b60b02ede821fdf725024,,bf2532cb0e7fd3a76a2cf1bbb53cff1cd77fe67b3f152f802c084ef196860ed5,NO_CONFIRMED_SECRET,yes,no,no,,explicit task authorization; package bytes preserved relative to the author-provided snapshot
SRC002,smp_170:rover,smp_170:rover,UASSB_00041023,ASB04_000979,UASSB_00041023,ASB04_000979,packages/smp_170/rover,yes,yes,HIGH,yes,no,true,true,no,EXACT_TO_PRESERVED_SNAPSHOT,feaf2a0be39cb8b59d14ca3382970fc4df534442984c5ed621ae3f0fb83ddb65,,bf2532cb0e7fd3a76a2cf1bbb53cff1cd77fe67b3f152f802c084ef196860ed5,NO_CONFIRMED_SECRET,yes,no,no,,explicit task authorization; package bytes preserved relative to the author-provided snapshot
SRC002,smp_170:sephora,smp_170:sephora,UASSB_00041032,ASB04_003157,UASSB_00041032,ASB04_003157,packages/smp_170/sephora,yes,yes,HIGH,yes,no,true,true,no,EXACT_TO_PRESERVED_SNAPSHOT,e4aae528e3070c4db0b2ba1bcd9f62fd0ef06f907982710f672c690b41d91b4f,,bf2532cb0e7fd3a76a2cf1bbb53cff1cd77fe67b3f152f802c084ef196860ed5,NO_CONFIRMED_SECRET,yes,no,no,,explicit task authorization; package bytes preserved relative to the author-provided snapshot
SRC002,smp_170:spotify,smp_170:spotify,UASSB_00041046,ASB04_003206,UASSB_00041046,ASB04_003206,packages/smp_170/spotify,yes,yes,HIGH,yes,no,true,true,no,EXACT_TO_PRESERVED_SNAPSHOT,7b8cca84bca2b3048918806165639886e7bdc3a48763bffc8993948fd09a7908,,bf2532cb0e7fd3a76a2cf1bbb53cff1cd77fe67b3f152f802c084ef196860ed5,NO_CONFIRMED_SECRET,yes,no,no,,explicit task authorization; package bytes preserved relative to the author-provided snapshot
SRC002,smp_170:sprout-social,smp_170:sprout-social,UASSB_00041047,ASB04_001614,UASSB_00041047,ASB04_001614,packages/smp_170/sprout-social,yes,yes,HIGH,yes,no,true,true,no,EXACT_TO_PRESERVED_SNAPSHOT,7bd9e5c3e04f653265b4050a72147646e8d3b4569ba43d2f7aca7de41d816b3b,,bf2532cb0e7fd3a76a2cf1bbb53cff1cd77fe67b3f152f802c084ef196860ed5,NO_CONFIRMED_SECRET,yes,no,no,,explicit task authorization; package bytes preserved relative to the author-provided snapshot
SRC002,smp_170:statefarm,smp_170:statefarm,UASSB_00041050,ASB04_003218,UASSB_00041050,ASB04_003218,packages/smp_170/statefarm,yes,yes,HIGH,yes,no,true,true,no,EXACT_TO_PRESERVED_SNAPSHOT,86fa2a703b1fa9400fce905a17119c3e8544326b70b670f411c0afd0058057dc,,bf2532cb0e7fd3a76a2cf1bbb53cff1cd77fe67b3f152f802c084ef196860ed5,NO_CONFIRMED_SECRET,yes,no,no,,explicit task authorization; package bytes preserved relative to the author-provided snapshot
SRC002,smp_170:teladoc,smp_170:teladoc,UASSB_00041062,ASB04_007327,UASSB_00041062,ASB04_007327,packages/smp_170/teladoc,yes,yes,HIGH,yes,no,true,true,no,EXACT_TO_PRESERVED_SNAPSHOT,a44c0533c0ba7b486f0cd5435d45018f19b5b5fa105d52f58477e8e81020aea0,,bf2532cb0e7fd3a76a2cf1bbb53cff1cd77fe67b3f152f802c084ef196860ed5,NO_CONFIRMED_SECRET,yes,no,no,,explicit task authorization; package bytes preserved relative to the author-provided snapshot
SRC002,smp_170:thumbtack,smp_170:thumbtack,UASSB_00041066,ASB04_005148,UASSB_00041066,ASB04_005148,packages/smp_170/thumbtack,yes,yes,HIGH,yes,no,true,true,no,EXACT_TO_PRESERVED_SNAPSHOT,78ad2b00d04118f99a4fa3961d68bbd265ee422aedc4e06add63ab9b67422b39,,bf2532cb0e7fd3a76a2cf1bbb53cff1cd77fe67b3f152f802c084ef196860ed5,NO_CONFIRMED_SECRET,yes,no,no,,explicit task authorization; package bytes preserved relative to the author-provided snapshot
SRC002,smp_170:tidal,smp_170:tidal,UASSB_00041067,ASB04_001038,UASSB_00041067,ASB04_001038,packages/smp_170/tidal,yes,yes,HIGH,yes,no,true,true,no,EXACT_TO_PRESERVED_SNAPSHOT,0401cfb093d0890e16e93d13c17e5b31e6d8ed454e0e5f82c66e70b19d91fee7,,bf2532cb0e7fd3a76a2cf1bbb53cff1cd77fe67b3f152f802c084ef196860ed5,NO_CONFIRMED_SECRET,yes,no,no,,explicit task authorization; package bytes preserved relative to the author-provided snapshot
SRC002,smp_170:turo,smp_170:turo,UASSB_00041075,ASB04_001511,UASSB_00041075,ASB04_001511,packages/smp_170/turo,yes,yes,HIGH,yes,no,true,true,no,EXACT_TO_PRESERVED_SNAPSHOT,98d96251bf6285276334fa8923d3c73b8f368a47fab3419c595e4a32ce180905,,bf2532cb0e7fd3a76a2cf1bbb53cff1cd77fe67b3f152f802c084ef196860ed5,NO_CONFIRMED_SECRET,yes,no,no,,explicit task authorization; package bytes preserved relative to the author-provided snapshot
SRC002,smp_170:upstash,smp_170:upstash,UASSB_00041086,ASB04_005070,UASSB_00041086,ASB04_005070,packages/smp_170/upstash,yes,yes,HIGH,yes,no,true,true,no,EXACT_TO_PRESERVED_SNAPSHOT,2db6beb09030b23263c28ee28bc098046a0f5499b165dc4e9cf1ba8cb5baaac8,,bf2532cb0e7fd3a76a2cf1bbb53cff1cd77fe67b3f152f802c084ef196860ed5,NO_CONFIRMED_SECRET,yes,no,no,,explicit task authorization; package bytes preserved relative to the author-provided snapshot
SRC002,smp_170:vanguard,smp_170:vanguard,UASSB_00041088,ASB04_002684,UASSB_00041088,ASB04_002684,packages/smp_170/vanguard,yes,yes,HIGH,yes,no,true,true,no,EXACT_TO_PRESERVED_SNAPSHOT,a7d8ac691ca90a85fc3ff3f3d0c5e9f74c7e5c443dcb315faa00e4a3d2f4dba9,,bf2532cb0e7fd3a76a2cf1bbb53cff1cd77fe67b3f152f802c084ef196860ed5,NO_CONFIRMED_SECRET,yes,no,no,,explicit task authorization; package bytes preserved relative to the author-provided snapshot
SRC002,smp_170:vercel,smp_170:vercel,UASSB_00041090,ASB04_003177,UASSB_00041090,ASB04_003177,packages/smp_170/vercel,yes,yes,HIGH,yes,no,true,true,no,EXACT_TO_PRESERVED_SNAPSHOT,182ace8f3aa28dc32ea6ded98a6afc1ff0ad7a6341e437d41240d741efde8112,,bf2532cb0e7fd3a76a2cf1bbb53cff1cd77fe67b3f152f802c084ef196860ed5,NO_CONFIRMED_SECRET,yes,no,no,,explicit task authorization; package bytes preserved relative to the author-provided snapshot
SRC002,smp_170:vrbo,smp_170:vrbo,UASSB_00041092,ASB04_001628,UASSB_00041092,ASB04_001628,packages/smp_170/vrbo,yes,yes,HIGH,yes,no,true,true,no,EXACT_TO_PRESERVED_SNAPSHOT,df929c48b7917141cae44ff1fe903dc79522fa56d1f1b028c4843ccfe93bb03b,,bf2532cb0e7fd3a76a2cf1bbb53cff1cd77fe67b3f152f802c084ef196860ed5,NO_CONFIRMED_SECRET,yes,no,no,,explicit task authorization; package bytes preserved relative to the author-provided snapshot
SRC002,smp_170:walgreens,smp_170:walgreens,UASSB_00041095,ASB04_004271,UASSB_00041095,ASB04_004271,packages/smp_170/walgreens,yes,yes,HIGH,yes,no,true,true,no,EXACT_TO_PRESERVED_SNAPSHOT,f44e6475c72dfe374f8c63ae37c9d5c896ac6536f5a6a3f90865ed581d850813,,bf2532cb0e7fd3a76a2cf1bbb53cff1cd77fe67b3f152f802c084ef196860ed5,NO_CONFIRMED_SECRET,yes,no,no,,explicit task authorization; package bytes preserved relative to the author-provided snapshot
SRC002,smp_170:webflow,smp_170:webflow,UASSB_00041100,ASB04_002615,UASSB_00041100,ASB04_002615,packages/smp_170/webflow,yes,yes,HIGH,yes,no,true,true,no,EXACT_TO_PRESERVED_SNAPSHOT,228d045bb6cbd7b0e0625776bd55895775eafa0ff598ea91cea159b700ced535,,bf2532cb0e7fd3a76a2cf1bbb53cff1cd77fe67b3f152f802c084ef196860ed5,NO_CONFIRMED_SECRET,yes,no,no,,explicit task authorization; package bytes preserved relative to the author-provided snapshot
SRC002,smp_170:wish,smp_170:wish,UASSB_00041105,ASB04_001506,UASSB_00041105,ASB04_001506,packages/smp_170/wish,yes,yes,HIGH,yes,no,true,true,no,EXACT_TO_PRESERVED_SNAPSHOT,579d1840b2bd779bfba5db9daf81bfe7acc872ddb99009f2290fa0858c4b06db,,bf2532cb0e7fd3a76a2cf1bbb53cff1cd77fe67b3f152f802c084ef196860ed5,NO_CONFIRMED_SECRET,yes,no,no,,explicit task authorization; package bytes preserved relative to the author-provided snapshot
SRC002,smp_170:yourmechanic,smp_170:yourmechanic,UASSB_00041116,ASB04_001980,UASSB_00041116,ASB04_001980,packages/smp_170/yourmechanic,yes,yes,HIGH,yes,no,true,true,no,EXACT_TO_PRESERVED_SNAPSHOT,a67cbb1c1a81ca9e175a18d56e5173455124d959e97de0ff636861795b9617a8,,bf2532cb0e7fd3a76a2cf1bbb53cff1cd77fe67b3f152f802c084ef196860ed5,NO_CONFIRMED_SECRET,yes,no,no,,explicit task authorization; package bytes preserved relative to the author-provided snapshot
SRC002,smp_170:zapier,smp_170:zapier,UASSB_00041120,ASB04_005838,UASSB_00041120,ASB04_005838,packages/smp_170/zapier,yes,yes,HIGH,yes,no,true,true,no,EXACT_TO_PRESERVED_SNAPSHOT,6114defbc0136ef743d7d25e2090dbee904b11ec7f6ad70cf105e39fe040c582,,bf2532cb0e7fd3a76a2cf1bbb53cff1cd77fe67b3f152f802c084ef196860ed5,NO_CONFIRMED_SECRET,yes,no,no,,explicit task authorization; package bytes preserved relative to the author-provided snapshot
SRC002,smp_170:zappos,smp_170:zappos,UASSB_00041121,ASB04_005259,UASSB_00041121,ASB04_005259,packages/smp_170/zappos,yes,yes,HIGH,yes,no,true,true,no,EXACT_TO_PRESERVED_SNAPSHOT,4661a72fbcec17b394723b29d81c2a22a624f1b0ccb94b10e2c16b2fa3ffd39d,,bf2532cb0e7fd3a76a2cf1bbb53cff1cd77fe67b3f152f802c084ef196860ed5,NO_CONFIRMED_SECRET,yes,no,no,,explicit task authorization; package bytes preserved relative to the author-provided snapshot
SRC002,smp_170:zeplin,smp_170:zeplin,UASSB_00041124,ASB04_003688,UASSB_00041124,ASB04_003688,packages/smp_170/zeplin,yes,yes,HIGH,yes,no,true,true,no,EXACT_TO_PRESERVED_SNAPSHOT,64d61cc7d994c29f0191029784d266e037104ff55016d131f231898da07faf31,,bf2532cb0e7fd3a76a2cf1bbb53cff1cd77fe67b3f152f802c084ef196860ed5,NO_CONFIRMED_SECRET,yes,no,no,,explicit task authorization; package bytes preserved relative to the author-provided snapshot
SRC002,smp_170:zoho-crm,smp_170:zoho-crm,UASSB_00041127,ASB04_005083,UASSB_00041127,ASB04_005083,packages/smp_170/zoho-crm,yes,yes,HIGH,yes,no,true,true,no,EXACT_TO_PRESERVED_SNAPSHOT,da616bfa6aeaf4532c0f2bdbd4844a23840d2ce9b57cce5223b46c47b86b30d3,,bf2532cb0e7fd3a76a2cf1bbb53cff1cd77fe67b3f152f802c084ef196860ed5,NO_CONFIRMED_SECRET,yes,no,no,,explicit task authorization; package bytes preserved relative to the author-provided snapshot
SRC002,smp_170:zoom,smp_170:zoom,UASSB_00041128,ASB04_001725,UASSB_00041128,ASB04_001725,packages/smp_170/zoom,yes,yes,HIGH,yes,no,true,true,no,EXACT_TO_PRESERVED_SNAPSHOT,0480a081d5cc03870382d6392e4ef18acf6e6b2413dcfd1d95e352b897e04001,,bf2532cb0e7fd3a76a2cf1bbb53cff1cd77fe67b3f152f802c084ef196860ed5,NO_CONFIRMED_SECRET,yes,no,no,,explicit task authorization; package bytes preserved relative to the author-provided snapshot
SRC002,smp_1710:web-build,smp_1710:web-build,UASSB_00041138,ASB04_005876,UASSB_00041138,ASB04_005876,packages/smp_1710/web-build,yes,yes,HIGH,yes,no,true,true,no,SANITIZED_NOT_BIT_IDENTICAL,647df8a92299540f73607e51213340c310a444f570d0f79e471a37f75e75934a,97915ee41ccc74f26ef01ba2a37f9b67724bec80c18f415b397d1da254b81c32,bf2532cb0e7fd3a76a2cf1bbb53cff1cd77fe67b3f152f802c084ef196860ed5,SANITIZED_REAL_OR_LIKELY_REAL_SECRET,no,yes,no,templates/report-app/services/core.js,explicit task authorization; sanitized candidate excludes original credential-bearing bytes
SRC002,smp_1881:nanobanana-base,smp_1881:nanobanana-base,UASSB_00042315,ASB04_001651,UASSB_00042315,ASB04_001651,packages/smp_1881/nanobanana-base,yes,yes,HIGH,yes,no,true,true,no,SANITIZED_NOT_BIT_IDENTICAL,31d382922993fa8e0ffec7db6d33f12cd004c513f2298946ab299d688ec6ca27,f26a4b3af8e24c794e06d8afd86a5d83ab66186fff53e3616cf52a66702745bd,bf2532cb0e7fd3a76a2cf1bbb53cff1cd77fe67b3f152f802c084ef196860ed5,SANITIZED_REAL_OR_LIKELY_REAL_SECRET,no,yes,no,.env;SKILL.md;setup-guide.md,explicit task authorization; sanitized candidate excludes original credential-bearing bytes
SRC002,smp_2332:context7,smp_2332:context7,UASSB_00045628,ASB04_003376,UASSB_00045628,ASB04_003376,packages/smp_2332/context7,yes,yes,HIGH,yes,no,true,true,no,EXACT_TO_PRESERVED_SNAPSHOT,0bbcbc9d4e8825ca54ffc427c6280f3a0b2e7cc4398ed2913e08d4391168b336,,bf2532cb0e7fd3a76a2cf1bbb53cff1cd77fe67b3f152f802c084ef196860ed5,NO_CONFIRMED_SECRET,yes,no,no,,explicit task authorization; package bytes preserved relative to the author-provided snapshot
SRC002,smp_2343:gemini-image,smp_2343:gemini-image,UASSB_00045716,ASB04_006531,UASSB_00045716,ASB04_006531,packages/smp_2343/gemini-image,yes,yes,HIGH,yes,no,true,true,no,EXACT_TO_PRESERVED_SNAPSHOT,e275f9c7a573625fc0655e33166c279585f2119e02739d3074620e7415505de5,,bf2532cb0e7fd3a76a2cf1bbb53cff1cd77fe67b3f152f802c084ef196860ed5,NO_CONFIRMED_SECRET,yes,no,no,,explicit task authorization; package bytes preserved relative to the author-provided snapshot
SRC002,smp_2362:codex-chat,smp_2362:codex-chat,UASSB_00045858,ASB04_000536,UASSB_00045858,ASB04_000536,packages/smp_2362/codex-chat,yes,yes,HIGH,yes,no,true,true,no,EXACT_TO_PRESERVED_SNAPSHOT,e6d3076cf1ad507f613cda281ca7a9948f0cbcfdaecccfbe8169a652cf108ffa,,bf2532cb0e7fd3a76a2cf1bbb53cff1cd77fe67b3f152f802c084ef196860ed5,NO_CONFIRMED_SECRET,yes,no,no,,explicit task authorization; package bytes preserved relative to the author-provided snapshot
SRC002,smp_2362:codex-tools,smp_2362:codex-tools,UASSB_00045861,ASB04_004520,UASSB_00045861,ASB04_004520,packages/smp_2362/codex-tools,yes,yes,HIGH,yes,no,true,true,no,EXACT_TO_PRESERVED_SNAPSHOT,61e74e7161687b7c82dc16adffd18b5dd271cebc1906554c9ca29314f54497d6,,bf2532cb0e7fd3a76a2cf1bbb53cff1cd77fe67b3f152f802c084ef196860ed5,NO_CONFIRMED_SECRET,yes,no,no,,explicit task authorization; package bytes preserved relative to the author-provided snapshot
SRC002,smp_2362:terra-data,smp_2362:terra-data,UASSB_00045964,ASB04_006373,UASSB_00045964,ASB04_006373,packages/smp_2362/terra-data,yes,yes,HIGH,yes,no,true,true,no,SANITIZED_NOT_BIT_IDENTICAL,9e02bb7bbba1e1b0f7c3ffa2efd9deabc568668ac561f742e717e4d55fb614a0,f055bd0d3612509cf7b6cc9172003deaa2b9bc05b0a9a4f5c3e5579cf2475997,bf2532cb0e7fd3a76a2cf1bbb53cff1cd77fe67b3f152f802c084ef196860ed5,SANITIZED_REAL_OR_LIKELY_REAL_SECRET,no,yes,no,SKILL.md,explicit task authorization; sanitized candidate excludes original credential-bearing bytes
SRC002,smp_2370:hive-mind-advanced,smp_2370:hive-mind-advanced,UASSB_00046137,ASB04_002341,UASSB_00046137,ASB04_002341,packages/smp_2370/hive-mind-advanced,yes,yes,HIGH,yes,no,true,true,no,EXACT_TO_PRESERVED_SNAPSHOT,43c7e09cb09ffd5c619ba2bebe4a96917308170d95cbf52044df3695803930c8,,bf2532cb0e7fd3a76a2cf1bbb53cff1cd77fe67b3f152f802c084ef196860ed5,NO_CONFIRMED_SECRET,yes,no,no,,explicit task authorization; package bytes preserved relative to the author-provided snapshot
SRC002,smp_2485:full_upload_injected_pptx_skill,smp_2485:full_upload_injected_pptx_skill,UASSB_00047140,ASB04_000511,UASSB_00047140,ASB04_000511,packages/smp_2485/full_upload_injected_pptx_skill,yes,yes,HIGH,yes,no,true,true,no,EXACT_TO_PRESERVED_SNAPSHOT,e51964b8ad9d76f17c8192d86aaedd5251ae22f8cfd5344d25931c35336b8259,,bf2532cb0e7fd3a76a2cf1bbb53cff1cd77fe67b3f152f802c084ef196860ed5,NO_CONFIRMED_SECRET,yes,no,no,,explicit task authorization; package bytes preserved relative to the author-provided snapshot
SRC002,smp_2485:url_injected_pptx_skill,smp_2485:url_injected_pptx_skill,UASSB_00047141,ASB04_004539,UASSB_00047141,ASB04_004539,packages/smp_2485/url_injected_pptx_skill,yes,yes,HIGH,yes,no,true,true,no,EXACT_TO_PRESERVED_SNAPSHOT,48f321a45a982f9bc62ef5559a3129450a123801f093623038061579ea9e668e,,bf2532cb0e7fd3a76a2cf1bbb53cff1cd77fe67b3f152f802c084ef196860ed5,NO_CONFIRMED_SECRET,yes,no,no,,explicit task authorization; package bytes preserved relative to the author-provided snapshot
SRC002,smp_2559:hello,smp_2559:hello,UASSB_00047821,ASB04_007422,UASSB_00047821,ASB04_007422,packages/smp_2559/hello,yes,yes,HIGH,yes,no,true,true,no,EXACT_TO_PRESERVED_SNAPSHOT,f71b4cbfe184f46aabda19b4658d619ca4662e2b281189ec6247e458a67d563f,,bf2532cb0e7fd3a76a2cf1bbb53cff1cd77fe67b3f152f802c084ef196860ed5,NO_CONFIRMED_SECRET,yes,no,no,,explicit task authorization; package bytes preserved relative to the author-provided snapshot
SRC002,smp_2663:ai-truthfulness-enforcer,smp_2663:ai-truthfulness-enforcer,UASSB_00048526,ASB04_006208,UASSB_00048526,ASB04_006208,packages/smp_2663/ai-truthfulness-enforcer,yes,yes,HIGH,yes,no,true,true,no,EXACT_TO_PRESERVED_SNAPSHOT,c255822b7b0debfbcc6407c652f9fa3bb8c595393312ee9cb7c2ef0db543c39f,,bf2532cb0e7fd3a76a2cf1bbb53cff1cd77fe67b3f152f802c084ef196860ed5,NO_CONFIRMED_SECRET,yes,no,no,,explicit task authorization; package bytes preserved relative to the author-provided snapshot
SRC002,smp_2670:weekly-plan,smp_2670:weekly-plan,UASSB_00048564,ASB04_007263,UASSB_00048564,ASB04_007263,packages/smp_2670/weekly-plan,yes,yes,HIGH,yes,no,true,true,no,EXACT_TO_PRESERVED_SNAPSHOT,d13ffe11b00ed946431cbca675abf89faaf3da01aad262219809359f3a145890,,bf2532cb0e7fd3a76a2cf1bbb53cff1cd77fe67b3f152f802c084ef196860ed5,NO_CONFIRMED_SECRET,yes,no,no,,explicit task authorization; package bytes preserved relative to the author-provided snapshot
SRC002,smp_2795:email,smp_2795:email,UASSB_00049858,ASB04_005375,UASSB_00049858,ASB04_005375,packages/smp_2795/email,yes,yes,HIGH,yes,no,true,true,no,EXACT_TO_PRESERVED_SNAPSHOT,25b1ae99be906e8eb82a9b29e5da6400cd12d52c64f63def3a6210e404830a7a,,bf2532cb0e7fd3a76a2cf1bbb53cff1cd77fe67b3f152f802c084ef196860ed5,NO_CONFIRMED_SECRET,yes,no,no,,explicit task authorization; package bytes preserved relative to the author-provided snapshot
SRC002,smp_3101:setup-claude-skills-for-web,smp_3101:setup-claude-skills-for-web,UASSB_00051769,ASB04_000757,UASSB_00051769,ASB04_000757,packages/smp_3101/setup-claude-skills-for-web,yes,yes,HIGH,yes,no,true,true,no,EXACT_TO_PRESERVED_SNAPSHOT,b3c88a0ecd73ff293c3bcbada032461af41ebe544a49735d7b084ca68289bfb7,,bf2532cb0e7fd3a76a2cf1bbb53cff1cd77fe67b3f152f802c084ef196860ed5,NO_CONFIRMED_SECRET,yes,no,no,,explicit task authorization; package bytes preserved relative to the author-provided snapshot
SRC002,smp_3588:browser-automation,smp_3588:browser-automation,UASSB_00054853,ASB04_004314,UASSB_00054853,ASB04_004314,packages/smp_3588/browser-automation,yes,yes,HIGH,yes,no,true,true,no,EXACT_TO_PRESERVED_SNAPSHOT,ddb814d7b014dba360d9fb93763bbf6beb795e9627c1324015598c637083c147,,bf2532cb0e7fd3a76a2cf1bbb53cff1cd77fe67b3f152f802c084ef196860ed5,NO_CONFIRMED_SECRET,yes,no,no,,explicit task authorization; package bytes preserved relative to the author-provided snapshot
SRC002,smp_3604:dexter,smp_3604:dexter,UASSB_00055174,,,,packages/smp_3604/dexter,yes,yes,HIGH,no,no,true,false,yes,EXACT_TO_PRESERVED_SNAPSHOT,3e5a05b168f292efe0cb031277cbb6c713d700e0708715b7135a6495cfe96847,,bf2532cb0e7fd3a76a2cf1bbb53cff1cd77fe67b3f152f802c084ef196860ed5,NO_CONFIRMED_SECRET,yes,no,no,,accepted source-release artifact excluded from benchmark primary due documented cross-label conflict
SRC002,smp_3639:network-conftest-generator,smp_3639:network-conftest-generator,UASSB_00055555,ASB04_004356,UASSB_00055555,ASB04_004356,packages/smp_3639/network-conftest-generator,yes,yes,HIGH,yes,no,true,true,no,EXACT_TO_PRESERVED_SNAPSHOT,f5fec7ef975d79e34ed66f51776cec2e8d95b7a89dabed0f99e1ff2ef14b358d,,bf2532cb0e7fd3a76a2cf1bbb53cff1cd77fe67b3f152f802c084ef196860ed5,NO_CONFIRMED_SECRET,yes,no,no,,explicit task authorization; package bytes preserved relative to the author-provided snapshot
SRC002,smp_3764:analytics,smp_3764:analytics,UASSB_00056209,ASB04_004136,UASSB_00056209,ASB04_004136,packages/smp_3764/analytics,yes,yes,HIGH,yes,no,true,true,no,SANITIZED_NOT_BIT_IDENTICAL,0442cc09b2641a6b810ec8f6236144424625db230beb4a80a8e74c2569e45b9d,09d139084d9babedcb39731dfdef4bc5399b7f519a2718911940caf4fb01af6f,bf2532cb0e7fd3a76a2cf1bbb53cff1cd77fe67b3f152f802c084ef196860ed5,SANITIZED_REAL_OR_LIKELY_REAL_SECRET,no,yes,no,SKILL.md,explicit task authorization; sanitized candidate excludes original credential-bearing bytes
SRC002,smp_413:hooks-automation,smp_413:hooks-automation,UASSB_00059509,ASB04_003489,UASSB_00059509,ASB04_003489,packages/smp_413/hooks-automation,yes,yes,HIGH,yes,no,true,true,no,EXACT_TO_PRESERVED_SNAPSHOT,205238f805b53424f5c7d1a67c4908bd6198487274c0c31328f9f2df4dd8d036,,bf2532cb0e7fd3a76a2cf1bbb53cff1cd77fe67b3f152f802c084ef196860ed5,NO_CONFIRMED_SECRET,yes,no,no,,explicit task authorization; package bytes preserved relative to the author-provided snapshot
SRC002,smp_4367:page,smp_4367:page,UASSB_00061704,ASB04_004252,UASSB_00061704,ASB04_004252,packages/smp_4367/page,yes,yes,HIGH,yes,no,true,true,no,EXACT_TO_PRESERVED_SNAPSHOT,0a493e64b0d451ae875f015e05bb9444cd31f0e1b5c3e8fdec99b32e6dd5c956,,bf2532cb0e7fd3a76a2cf1bbb53cff1cd77fe67b3f152f802c084ef196860ed5,NO_CONFIRMED_SECRET,yes,no,no,,explicit task authorization; package bytes preserved relative to the author-provided snapshot
SRC002,smp_4412:agentic-jujutsu,smp_4412:agentic-jujutsu,UASSB_00061890,ASB04_003000,UASSB_00061890,ASB04_003000,packages/smp_4412/agentic-jujutsu,yes,yes,HIGH,yes,no,true,true,no,EXACT_TO_PRESERVED_SNAPSHOT,b6c0ed6afeed60637442774a579b6cfabe2bb50c8a632e3a666f9a266968e9be,,bf2532cb0e7fd3a76a2cf1bbb53cff1cd77fe67b3f152f802c084ef196860ed5,NO_CONFIRMED_SECRET,yes,no,no,,explicit task authorization; package bytes preserved relative to the author-provided snapshot
SRC002,smp_4712:infra-tester,smp_4712:infra-tester,UASSB_00063697,ASB04_002842,UASSB_00063697,ASB04_002842,packages/smp_4712/infra-tester,yes,yes,HIGH,yes,no,true,true,no,EXACT_TO_PRESERVED_SNAPSHOT,8641370fcef245f84ec2d1b1c17e56b68353291ae1b41dcc0884302078d7cc17,,bf2532cb0e7fd3a76a2cf1bbb53cff1cd77fe67b3f152f802c084ef196860ed5,NO_CONFIRMED_SECRET,yes,no,no,,explicit task authorization; package bytes preserved relative to the author-provided snapshot
SRC002,smp_4727:my-skill,smp_4727:my-skill,UASSB_00063959,ASB04_000439,UASSB_00063959,ASB04_000439,packages/smp_4727/my-skill,yes,yes,HIGH,yes,no,true,true,no,EXACT_TO_PRESERVED_SNAPSHOT,15e00503d6967d007b43c63a9d60a7e73ed4ed9a4130499ea8f91aff924f6a4d,,bf2532cb0e7fd3a76a2cf1bbb53cff1cd77fe67b3f152f802c084ef196860ed5,NO_CONFIRMED_SECRET,yes,no,no,,explicit task authorization; package bytes preserved relative to the author-provided snapshot
SRC002,smp_4729:ccw-maven-setup,smp_4729:ccw-maven-setup,UASSB_00063983,ASB04_001630,UASSB_00063983,ASB04_001630,packages/smp_4729/ccw-maven-setup,yes,yes,HIGH,yes,no,true,true,no,EXACT_TO_PRESERVED_SNAPSHOT,7af2b44d44695583f84e2ea95793d5355adcd260be6500c966ef20b4298a45d8,,bf2532cb0e7fd3a76a2cf1bbb53cff1cd77fe67b3f152f802c084ef196860ed5,NO_CONFIRMED_SECRET,yes,no,no,,explicit task authorization; package bytes preserved relative to the author-provided snapshot
SRC002,smp_4914:graphics-api,smp_4914:graphics-api,UASSB_00065140,ASB04_003374,UASSB_00065140,ASB04_003374,packages/smp_4914/graphics-api,yes,yes,HIGH,yes,no,true,true,no,EXACT_TO_PRESERVED_SNAPSHOT,62d57ea3afc364810a398f28990fb44f3a4d5f9b665691eb6f5064dfbe9b35dd,,bf2532cb0e7fd3a76a2cf1bbb53cff1cd77fe67b3f152f802c084ef196860ed5,NO_CONFIRMED_SECRET,yes,no,no,,explicit task authorization; package bytes preserved relative to the author-provided snapshot
SRC002,smp_4977:runpod-ops,smp_4977:runpod-ops,UASSB_00065435,ASB04_003158,UASSB_00065435,ASB04_003158,packages/smp_4977/runpod-ops,yes,yes,HIGH,yes,no,true,true,no,EXACT_TO_PRESERVED_SNAPSHOT,97921b0953aa699841b2df01033e5a642faf9b2863692aab3c81370381de24d6,,bf2532cb0e7fd3a76a2cf1bbb53cff1cd77fe67b3f152f802c084ef196860ed5,NO_CONFIRMED_SECRET,yes,no,no,,explicit task authorization; package bytes preserved relative to the author-provided snapshot
SRC002,smp_6028:slack-bridge,smp_6028:slack-bridge,UASSB_00074095,ASB04_004922,UASSB_00074095,ASB04_004922,packages/smp_6028/slack-bridge,yes,yes,HIGH,yes,no,true,true,no,EXACT_TO_PRESERVED_SNAPSHOT,b637da7d08c8def5777019be144196b61e6a296544f830fd442d392003292567,,bf2532cb0e7fd3a76a2cf1bbb53cff1cd77fe67b3f152f802c084ef196860ed5,NO_CONFIRMED_SECRET,yes,no,no,,explicit task authorization; package bytes preserved relative to the author-provided snapshot
SRC002,smp_6344:chrome-devtools,smp_6344:chrome-devtools,UASSB_00075841,ASB04_004098,UASSB_00075841,ASB04_004098,packages/smp_6344/chrome-devtools,yes,yes,HIGH,yes,no,true,true,no,EXACT_TO_PRESERVED_SNAPSHOT,f1fe7cc2418d491dfe3bf7a47fffc8bfc12e6cfb9103d82c420f8ded2adc9df2,,bf2532cb0e7fd3a76a2cf1bbb53cff1cd77fe67b3f152f802c084ef196860ed5,NO_CONFIRMED_SECRET,yes,no,no,,explicit task authorization; package bytes preserved relative to the author-provided snapshot
SRC002,smp_716:stealth-ghosting,smp_716:stealth-ghosting,UASSB_00082923,ASB04_005641,UASSB_00082923,ASB04_005641,packages/smp_716/stealth-ghosting,yes,yes,HIGH,yes,no,true,true,no,EXACT_TO_PRESERVED_SNAPSHOT,8b4ed2eb13ac0496559baa8a50b7ec2816159c27fa5be536dbd13c1d8176cf5c,,bf2532cb0e7fd3a76a2cf1bbb53cff1cd77fe67b3f152f802c084ef196860ed5,NO_CONFIRMED_SECRET,yes,no,no,,explicit task authorization; package bytes preserved relative to the author-provided snapshot
SRC002,smp_716:stealth-ops,smp_716:stealth-ops,UASSB_00082924,ASB04_004620,UASSB_00082924,ASB04_004620,packages/smp_716/stealth-ops,yes,yes,HIGH,yes,no,true,true,no,EXACT_TO_PRESERVED_SNAPSHOT,fcec972d90bd7af15520534020878e65a6a33ae214033725748ac5fb81471ef6,,bf2532cb0e7fd3a76a2cf1bbb53cff1cd77fe67b3f152f802c084ef196860ed5,NO_CONFIRMED_SECRET,yes,no,no,,explicit task authorization; package bytes preserved relative to the author-provided snapshot
SRC002,smp_7251:flow-nexus-neural,smp_7251:flow-nexus-neural,UASSB_00083554,ASB04_006885,UASSB_00083554,ASB04_006885,packages/smp_7251/flow-nexus-neural,yes,yes,HIGH,yes,no,true,true,no,EXACT_TO_PRESERVED_SNAPSHOT,0dd3ffab62adc4d99b76c244d2e11efe71157d426d9cff5e184e1a5f871af771,,bf2532cb0e7fd3a76a2cf1bbb53cff1cd77fe67b3f152f802c084ef196860ed5,NO_CONFIRMED_SECRET,yes,no,no,,explicit task authorization; package bytes preserved relative to the author-provided snapshot
SRC002,smp_7332:idea-skill,smp_7332:idea-skill,UASSB_00084141,ASB04_006196,UASSB_00084141,ASB04_006196,packages/smp_7332/idea-skill,yes,yes,HIGH,yes,no,true,true,no,EXACT_TO_PRESERVED_SNAPSHOT,627ea40f59d01fab1a1ba4959fc4445330ee809c6bb759bdc90a7ab2ee16454f,,bf2532cb0e7fd3a76a2cf1bbb53cff1cd77fe67b3f152f802c084ef196860ed5,NO_CONFIRMED_SECRET,yes,no,no,,explicit task authorization; package bytes preserved relative to the author-provided snapshot
SRC002,smp_7676:oh-notes,smp_7676:oh-notes,UASSB_00086348,ASB04_001380,UASSB_00086348,ASB04_001380,packages/smp_7676/oh-notes,yes,yes,HIGH,yes,no,true,true,no,EXACT_TO_PRESERVED_SNAPSHOT,7228fc1dd9f61b9a9b304da64e320804db5f4439faad0b83a8cda188bd00c8e1,,bf2532cb0e7fd3a76a2cf1bbb53cff1cd77fe67b3f152f802c084ef196860ed5,NO_CONFIRMED_SECRET,yes,no,no,,explicit task authorization; package bytes preserved relative to the author-provided snapshot
SRC002,smp_7843:updating-neon-logos,smp_7843:updating-neon-logos,UASSB_00088112,ASB04_005680,UASSB_00088112,ASB04_005680,packages/smp_7843/updating-neon-logos,yes,yes,HIGH,yes,no,true,true,no,EXACT_TO_PRESERVED_SNAPSHOT,7c683a495e24cc4dd6e7dca8582bb4ac68f889166715c468283c64aa0d35185c,,bf2532cb0e7fd3a76a2cf1bbb53cff1cd77fe67b3f152f802c084ef196860ed5,NO_CONFIRMED_SECRET,yes,no,no,,explicit task authorization; package bytes preserved relative to the author-provided snapshot
SRC002,smp_7974:load-skills,smp_7974:load-skills,UASSB_00089489,ASB04_003615,UASSB_00089489,ASB04_003615,packages/smp_7974/load-skills,yes,yes,HIGH,yes,no,true,true,no,EXACT_TO_PRESERVED_SNAPSHOT,eb7d49e2468f972036837b5e901e7d6ce438c025dcb5aa051f6e579b6f112ad8,,bf2532cb0e7fd3a76a2cf1bbb53cff1cd77fe67b3f152f802c084ef196860ed5,NO_CONFIRMED_SECRET,yes,no,no,,explicit task authorization; package bytes preserved relative to the author-provided snapshot
SRC002,smp_8313:twitter_poster,smp_8313:twitter_poster,UASSB_00091952,ASB04_003439,UASSB_00091952,ASB04_003439,packages/smp_8313/twitter_poster,yes,yes,HIGH,yes,no,true,true,no,EXACT_TO_PRESERVED_SNAPSHOT,6db6d5d53320ae153d81946b4d4848fbcb0c8d039944a54d4766cae1fd15f0a2,,bf2532cb0e7fd3a76a2cf1bbb53cff1cd77fe67b3f152f802c084ef196860ed5,NO_CONFIRMED_SECRET,yes,no,no,,explicit task authorization; package bytes preserved relative to the author-provided snapshot
SRC002,smp_8380:cc10x-router,smp_8380:cc10x-router,UASSB_00092658,ASB04_004303,UASSB_00092658,ASB04_004303,packages/smp_8380/cc10x-router,yes,yes,HIGH,yes,no,true,true,no,EXACT_TO_PRESERVED_SNAPSHOT,f33b9eb1e5915761ca4e5c723eb36ba878b1d94d017bc6160c6fda2b52302165,,bf2532cb0e7fd3a76a2cf1bbb53cff1cd77fe67b3f152f802c084ef196860ed5,NO_CONFIRMED_SECRET,yes,no,no,,explicit task authorization; package bytes preserved relative to the author-provided snapshot
SRC002,smp_8452:flow-nexus-platform,smp_8452:flow-nexus-platform,UASSB_00093119,ASB04_007158,UASSB_00093119,ASB04_007158,packages/smp_8452/flow-nexus-platform,yes,yes,HIGH,yes,no,true,true,no,EXACT_TO_PRESERVED_SNAPSHOT,46865a60e8b69750293eae3b690061f9fdc30d899c2157e9d0c001cc304dd487,,bf2532cb0e7fd3a76a2cf1bbb53cff1cd77fe67b3f152f802c084ef196860ed5,PUBLIC_EXAMPLE_CREDENTIAL,yes,no,no,,explicit task authorization; package bytes preserved relative to the author-provided snapshot
SRC002,smp_8593:worker,smp_8593:worker,UASSB_00094371,ASB04_007298,UASSB_00094371,ASB04_007298,packages/smp_8593/worker,yes,yes,HIGH,yes,no,true,true,no,EXACT_TO_PRESERVED_SNAPSHOT,ba9a1f7ffa26cc1cc3455bb12f9b2a10fcec1f844bc0667b53f76f59bfe11470,,bf2532cb0e7fd3a76a2cf1bbb53cff1cd77fe67b3f152f802c084ef196860ed5,NO_CONFIRMED_SECRET,yes,no,no,,explicit task authorization; package bytes preserved relative to the author-provided snapshot
SRC002,smp_866:lark-agent-simple,smp_866:lark-agent-simple,UASSB_00095062,ASB04_005143,UASSB_00095062,ASB04_005143,packages/smp_866/lark-agent-simple,yes,yes,HIGH,yes,no,true,true,no,EXACT_TO_PRESERVED_SNAPSHOT,538c1708d4f311761a546871c9147ad67599d78522f2bddcd007104fbb703230,,bf2532cb0e7fd3a76a2cf1bbb53cff1cd77fe67b3f152f802c084ef196860ed5,PUBLIC_EXAMPLE_CREDENTIAL,yes,no,no,,explicit task authorization; package bytes preserved relative to the author-provided snapshot
SRC002,smp_8691:doc-scraper,smp_8691:doc-scraper,UASSB_00095184,ASB04_004850,UASSB_00095184,ASB04_004850,packages/smp_8691/doc-scraper,yes,yes,HIGH,yes,no,true,true,no,EXACT_TO_PRESERVED_SNAPSHOT,ba886d6a61a83715ffbaa4a64e06fb5afacffd166bda8275e58e745fdc4a86b7,,bf2532cb0e7fd3a76a2cf1bbb53cff1cd77fe67b3f152f802c084ef196860ed5,NO_CONFIRMED_SECRET,yes,no,no,,explicit task authorization; package bytes preserved relative to the author-provided snapshot
SRC002,smp_86:oracle,smp_86:oracle,UASSB_00095324,ASB04_007152,UASSB_00095324,ASB04_007152,packages/smp_86/oracle,yes,yes,HIGH,yes,no,true,true,no,EXACT_TO_PRESERVED_SNAPSHOT,77eff7701c0f6eb9dbbc67c7690daede3b850d4a4acc0ebbe9fc2e826097de68,,bf2532cb0e7fd3a76a2cf1bbb53cff1cd77fe67b3f152f802c084ef196860ed5,NO_CONFIRMED_SECRET,yes,no,no,,explicit task authorization; package bytes preserved relative to the author-provided snapshot
SRC002,smp_9014:plan-refine,smp_9014:plan-refine,UASSB_00097551,ASB04_005117,UASSB_00097551,ASB04_005117,packages/smp_9014/plan-refine,yes,yes,HIGH,yes,no,true,true,no,EXACT_TO_PRESERVED_SNAPSHOT,7c7d390f58d7f8efcc3858923c7922e5ccedf4593c038c51f702cface1235dde,,bf2532cb0e7fd3a76a2cf1bbb53cff1cd77fe67b3f152f802c084ef196860ed5,NO_CONFIRMED_SECRET,yes,no,no,,explicit task authorization; package bytes preserved relative to the author-provided snapshot
SRC002,smp_9021:find-incomplete-series,smp_9021:find-incomplete-series,UASSB_00097731,ASB04_004586,UASSB_00097731,ASB04_004586,packages/smp_9021/find-incomplete-series,yes,yes,HIGH,yes,no,true,true,no,EXACT_TO_PRESERVED_SNAPSHOT,d787c908fa03c6b6981e457f2d7919d3d62159641ab13f35d8a4c9208b83058f,,bf2532cb0e7fd3a76a2cf1bbb53cff1cd77fe67b3f152f802c084ef196860ed5,NO_CONFIRMED_SECRET,yes,no,no,,explicit task authorization; package bytes preserved relative to the author-provided snapshot
SRC002,smp_9124:image-generator,smp_9124:image-generator,UASSB_00098268,ASB04_006452,UASSB_00098268,ASB04_006452,packages/smp_9124/image-generator,yes,yes,HIGH,yes,no,true,true,no,EXACT_TO_PRESERVED_SNAPSHOT,46763cf39d5bdeae71a6eb107c9fac95e5bff873cbda34db44f868f939880171,,bf2532cb0e7fd3a76a2cf1bbb53cff1cd77fe67b3f152f802c084ef196860ed5,NO_CONFIRMED_SECRET,yes,no,no,,explicit task authorization; package bytes preserved relative to the author-provided snapshot
SRC002,smp_9692:yaml-workflow-executor,smp_9692:yaml-workflow-executor,UASSB_00102635,ASB04_000215,UASSB_00102635,ASB04_000215,packages/smp_9692/yaml-workflow-executor,yes,yes,HIGH,yes,no,true,true,no,EXACT_TO_PRESERVED_SNAPSHOT,36552c79ba01793064ea6536273e9d9515137190569e749c20761d2eb5af0b6d,,bf2532cb0e7fd3a76a2cf1bbb53cff1cd77fe67b3f152f802c084ef196860ed5,NO_CONFIRMED_SECRET,yes,no,no,,explicit task authorization; package bytes preserved relative to the author-provided snapshot
